"text","position","dub","wrap","pregap","postgap","mode","background","alignment","valign","l_padding","r_padding","v_padding","para_spacing","ttf","font_size","font_color","line_spacing","tts","voice","speed","duration","highlight_color","highlight_bold","highlight_italic",
,,,,,,"image","photo/toeic/cover/$(cover).jpeg",,,,,,,,,,,,,,"5",,,,
"Part 1",,,,"1","0.5","free","photo/toeic/toeic_part1.jpeg","left","top","105","105","230",,,"0",,,"$(nar.tts.engine)","$(nar.tts.voice)","$(nar.tts.speed)",,,,,
"Directions",,,,,"0.5",,,"left",,"105","105",,,"Times-Bold.ttf","42",,,"$(nar.tts.engine)","$(nar.tts.voice)","$(nar.tts.speed)",,,,,
"For each question in this part, you will hear four statements about a picture in your test book. When you hear the statements, you must select the one statement that best describes what you see in the picture. Then find the number of the question on your answer sheet and mark your answer. The statements will not be printed in your test book and will be spoken only one time.



















",,"For each question in this part, you will hear four statements about a picture in your test book. When you hear the statements, you must select the one statement that best describes what you see in the picture. Then find the number of the question on your answer sheet and mark your answer. The statements will not be printed in your test book and will be spoken only one time.",,,"0.5",,,"left",,"107","107",,,"Times-Regular.ttf","30",,"15","$(nar.tts.engine)","$(nar.tts.voice)","$(nar.tts.speed)",,,,,
"Look at the example item below",,,,,"0.2",,,,,,,,,,"0",,,"$(nar.tts.engine)","$(nar.tts.voice)","$(nar.tts.speed)",,,,,
"Now listen to the four statements",,,,,,,,,,,,,,,"0",,,"$(nar.tts.engine)","$(nar.tts.voice)","$(nar.tts.speed)",,,,,
"<img>photo/toeic/p1/sample.png</img>","689,435",,,,,,,,,,,,,,,,,,,,,,,,
"(A) They’re moving some furniture. ",,,,,,,,,,,,,,,"0",,,"$(nar.tts.engine)","$(nar.tts.voice)","$(nar.tts.speed)",,,,,
"(B) They’re entering a meeting room. ",,,,,,,,,,,,,,,"0",,,"$(nar.tts.engine)","$(nar.tts.voice)","$(nar.tts.speed)",,,,,
"(C) They’re sitting at a table",,,,,,,,,,,,,,,"0",,,"$(nar.tts.engine)","$(nar.tts.voice)","$(nar.tts.speed)",,,,,
"(D) They’re cleaning the carpet.",,,,,,,,,,,,,,,"0",,,"$(nar.tts.engine)","$(nar.tts.voice)","$(nar.tts.speed)",,,,,
"Statement (C), “They’re sitting at a table,” is the best description of the picture, so you should select answer (C) and mark it on your answer sheet. ",,,,,,,,"left",,"107","107",,,"Times-Regular.ttf","30",,,"$(nar.tts.engine)","$(nar.tts.voice)","$(nar.tts.speed)",,,,,
"Now Part 1 will begin. ",,,,,,,,,,,,,,,"0",,,"$(nar.tts.engine)","$(nar.tts.voice)","$(nar.tts.speed)",,,,,
"1.",,"number 1",,,"0.5","free","photo/toeic/toeic_part1.jpeg","left","top","150",,"250",,"Times-Bold.ttf","42",,,"$(nar.tts.engine)","$(nar.tts.voice)","$(nar.tts.speed)",,,,,
"Look at the picture marked number 1 in your test book",,,,,"0.5",,,,,,,,,,"0",,,"$(nar.tts.engine)","$(nar.tts.voice)","$(nar.tts.speed)",,,,,
"A.",,,,,"0.1",,,,,,,,,,"0",,,"$(nar.tts.engine)","$(nar.tts.voice)","1",,,,,
"$(q1.A)",,,,,"0.5",,,,,,,,,,"0",,,"$(q1.tts.engine)","$(q1.tts.voice)","1",,,,,
"B.",,,,,"0.1",,,,,,,,,,"0",,,"$(nar.tts.engine)","$(nar.tts.voice)","1",,,,,
"$(q1.B)",,,,,"0.5",,,,,,,,,,"0",,,"$(q1.tts.engine)","$(q1.tts.voice)","1",,,,,
"C.",,,,,"0.1",,,,,,,,,,"0",,,"$(nar.tts.engine)","$(nar.tts.voice)","1",,,,,
"$(q1.C)",,,,,"0.5",,,,,,,,,,"0",,,"$(q1.tts.engine)","$(q1.tts.voice)","1",,,,,
"D.",,,,,"0.1",,,,,,,,,,"0",,,"$(nar.tts.engine)","$(nar.tts.voice)","1",,,,,
"$(q1.D)",,,,,"$(q1.thinktime)",,,,,,,,,,"0",,,"$(q1.tts.engine)","$(q1.tts.voice)","1",,,,,
"<img w=""600"" h=""600"">photo/toeic/p1/$(q1.img)</img>","680,310",,,,,,,,,,,,,,,,,,,,,,,,
"2.",,"number 2",,,"0.5","free","photo/toeic/toeic_part1.jpeg","left","top","150",,"250",,"Times-Bold.ttf","42",,,"$(nar.tts.engine)","$(nar.tts.voice)","$(nar.tts.speed)",,,,,
"Look at the picture marked number 2 in your test book",,,,,"0.5",,,,,,,,,,"0",,,"$(nar.tts.engine)","$(nar.tts.voice)","$(nar.tts.speed)",,,,,
"A.",,,,,"0.1",,,,,,,,,,"0",,,"$(nar.tts.engine)","$(nar.tts.voice)","1",,,,,
"$(q2.A)",,,,,"0.5",,,,,,,,,,"0",,,"$(q2.tts.engine)","$(q2.tts.voice)","1",,,,,
"B.",,,,,"0.1",,,,,,,,,,"0",,,"$(nar.tts.engine)","$(nar.tts.voice)","1",,,,,
"$(q2.B)",,,,,"0.5",,,,,,,,,,"0",,,"$(q2.tts.engine)","$(q2.tts.voice)","1",,,,,
"C.",,,,,"0.1",,,,,,,,,,"0",,,"$(nar.tts.engine)","$(nar.tts.voice)","1",,,,,
"$(q2.C)",,,,,"0.5",,,,,,,,,,"0",,,"$(q2.tts.engine)","$(q2.tts.voice)","1",,,,,
"D.",,,,,"0.1",,,,,,,,,,"0",,,"$(nar.tts.engine)","$(nar.tts.voice)","1",,,,,
"$(q2.D)",,,,,"$(q2.thinktime)",,,,,,,,,,"0",,,"$(q2.tts.engine)","$(q2.tts.voice)","1",,,,,
"<img w=""600"" h=""600"">photo/toeic/p1/$(q2.img)</img>","680,310",,,,,,,,,,,,,,,,,,,,,,,,
"3.",,"number 3",,,"0.5","free","photo/toeic/toeic_part1.jpeg","left","top","150",,"250",,"Times-Bold.ttf","42",,,"$(nar.tts.engine)","$(nar.tts.voice)","$(nar.tts.speed)",,,,,
"Look at the picture marked number 3 in your test book",,,,,"0.5",,,,,,,,,,"0",,,"$(nar.tts.engine)","$(nar.tts.voice)","$(nar.tts.speed)",,,,,
"A.",,,,,"0.1",,,,,,,,,,"0",,,"$(nar.tts.engine)","$(nar.tts.voice)","1",,,,,
"$(q3.A)",,,,,"0.5",,,,,,,,,,"0",,,"$(q3.tts.engine)","$(q3.tts.voice)","1",,,,,
"B.",,,,,"0.1",,,,,,,,,,"0",,,"$(nar.tts.engine)","$(nar.tts.voice)","1",,,,,
"$(q3.B)",,,,,"0.5",,,,,,,,,,"0",,,"$(q3.tts.engine)","$(q3.tts.voice)","1",,,,,
"C.",,,,,"0.1",,,,,,,,,,"0",,,"$(nar.tts.engine)","$(nar.tts.voice)","1",,,,,
"$(q3.C)",,,,,"0.5",,,,,,,,,,"0",,,"$(q3.tts.engine)","$(q3.tts.voice)","1",,,,,
"D.",,,,,"0.1",,,,,,,,,,"0",,,"$(nar.tts.engine)","$(nar.tts.voice)","1",,,,,
"$(q3.D)",,,,,"$(q3.thinktime)",,,,,,,,,,"0",,,"$(q3.tts.engine)","$(q3.tts.voice)","1",,,,,
"<img w=""600"" h=""600"">photo/toeic/p1/$(q3.img)</img>","680,310",,,,,,,,,,,,,,,,,,,,,,,,
"4.",,"number 4",,,"0.5","free","photo/toeic/toeic_part1.jpeg","left","top","150",,"250",,"Times-Bold.ttf","42",,,"$(nar.tts.engine)","$(nar.tts.voice)","$(nar.tts.speed)",,,,,
"Look at the picture marked number 4 in your test book",,,,,"0.5",,,,,,,,,,"0",,,"$(nar.tts.engine)","$(nar.tts.voice)","$(nar.tts.speed)",,,,,
"A.",,,,,"0.1",,,,,,,,,,"0",,,"$(nar.tts.engine)","$(nar.tts.voice)","1",,,,,
"$(q4.A)",,,,,"0.5",,,,,,,,,,"0",,,"$(q4.tts.engine)","$(q4.tts.voice)","1",,,,,
"B.",,,,,"0.1",,,,,,,,,,"0",,,"$(nar.tts.engine)","$(nar.tts.voice)","1",,,,,
"$(q4.B)",,,,,"0.5",,,,,,,,,,"0",,,"$(q4.tts.engine)","$(q4.tts.voice)","1",,,,,
"C.",,,,,"0.1",,,,,,,,,,"0",,,"$(nar.tts.engine)","$(nar.tts.voice)","1",,,,,
"$(q4.C)",,,,,"0.5",,,,,,,,,,"0",,,"$(q4.tts.engine)","$(q4.tts.voice)","1",,,,,
"D.",,,,,"0.1",,,,,,,,,,"0",,,"$(nar.tts.engine)","$(nar.tts.voice)","1",,,,,
"$(q4.D)",,,,,"$(q4.thinktime)",,,,,,,,,,"0",,,"$(q4.tts.engine)","$(q4.tts.voice)","1",,,,,
"<img w=""600"" h=""600"">photo/toeic/p1/$(q4.img)</img>","680,310",,,,,,,,,,,,,,,,,,,,,,,,
"5.",,"number 5",,,"0.5","free","photo/toeic/toeic_part1.jpeg","left","top","150",,"250",,"Times-Bold.ttf","42",,,"$(nar.tts.engine)","$(nar.tts.voice)","$(nar.tts.speed)",,,,,
"Look at the picture marked number 5 in your test book",,,,,"0.5",,,,,,,,,,"0",,,"$(nar.tts.engine)","$(nar.tts.voice)","$(nar.tts.speed)",,,,,
"A.",,,,,"0.1",,,,,,,,,,"0",,,"$(nar.tts.engine)","$(nar.tts.voice)","1",,,,,
"$(q5.A)",,,,,"0.5",,,,,,,,,,"0",,,"$(q5.tts.engine)","$(q5.tts.voice)","1",,,,,
"B.",,,,,"0.1",,,,,,,,,,"0",,,"$(nar.tts.engine)","$(nar.tts.voice)","1",,,,,
"$(q5.B)",,,,,"0.5",,,,,,,,,,"0",,,"$(q5.tts.engine)","$(q5.tts.voice)","1",,,,,
"C.",,,,,"0.1",,,,,,,,,,"0",,,"$(nar.tts.engine)","$(nar.tts.voice)","1",,,,,
"$(q5.C)",,,,,"0.5",,,,,,,,,,"0",,,"$(q5.tts.engine)","$(q5.tts.voice)","1",,,,,
"D.",,,,,"0.1",,,,,,,,,,"0",,,"$(nar.tts.engine)","$(nar.tts.voice)","1",,,,,
"$(q5.D)",,,,,"$(q5.thinktime)",,,,,,,,,,"0",,,"$(q5.tts.engine)","$(q5.tts.voice)","1",,,,,
"<img w=""600"" h=""600"">photo/toeic/p1/$(q5.img)</img>","680,310",,,,,,,,,,,,,,,,,,,,,,,,
"6.",,"number 6",,,"0.5","free","photo/toeic/toeic_part1.jpeg","left","top","150",,"250",,"Times-Bold.ttf","42",,,"$(nar.tts.engine)","$(nar.tts.voice)","$(nar.tts.speed)",,,,,
"Look at the picture marked number 6 in your test book",,,,,"0.5",,,,,,,,,,"0",,,"$(nar.tts.engine)","$(nar.tts.voice)","$(nar.tts.speed)",,,,,
"A.",,,,,"0.1",,,,,,,,,,"0",,,"$(nar.tts.engine)","$(nar.tts.voice)","1",,,,,
"$(q6.A)",,,,,"0.5",,,,,,,,,,"0",,,"$(q6.tts.engine)","$(q6.tts.voice)","1",,,,,
"B.",,,,,"0.1",,,,,,,,,,"0",,,"$(nar.tts.engine)","$(nar.tts.voice)","1",,,,,
"$(q6.B)",,,,,"0.5",,,,,,,,,,"0",,,"$(q6.tts.engine)","$(q6.tts.voice)","1",,,,,
"C.",,,,,"0.1",,,,,,,,,,"0",,,"$(nar.tts.engine)","$(nar.tts.voice)","1",,,,,
"$(q6.C)",,,,,"0.5",,,,,,,,,,"0",,,"$(q6.tts.engine)","$(q6.tts.voice)","1",,,,,
"D.",,,,,"0.1",,,,,,,,,,"0",,,"$(nar.tts.engine)","$(nar.tts.voice)","1",,,,,
"$(q6.D)",,,,,"$(q6.thinktime)",,,,,,,,,,"0",,,"$(q6.tts.engine)","$(q6.tts.voice)","1",,,,,
"<img w=""600"" h=""600"">photo/toeic/p1/$(q6.img)</img>","680,310",,,,,,,,,,,,,,,,,,,,,,,,
"Part 2",,,,"1","0.5","free","photo/toeic/toeic_part2.jpeg","left","top",,,"230",,,"0",,,"$(nar.tts.engine)","$(nar.tts.voice)","$(nar.tts.speed)",,,,,
"Directions",,,,,"0.5",,,"left",,"105","105",,,"Times-Bold.ttf","42",,,"$(nar.tts.engine)","$(nar.tts.voice)","$(nar.tts.speed)",,,,,
"You will hear a question or statement and three responses spoken in English.  They will not be printed in your test book and will be spoken only one time. Select the best response to the question or statement and mark the letter (A), (B), or (C) on your answer sheet. ",,,,,"0.5",,,"left",,"107","107",,,"Times-Regular.ttf","30",,"15","$(nar.tts.engine)","$(nar.tts.voice)","$(nar.tts.speed)",,,,,
"Now let us begin with question number 7",,,,,,,,,,,,,,,"0",,,"$(nar.tts.engine)","$(nar.tts.voice)","$(nar.tts.speed)",,,,,
"7. Mark your answer on your answer sheet.",,"number 7",,,"0.5","free","photo/toeic/toeic_part2.jpeg","center","top",,,"300",,"Times-Bold.ttf","42",,,"$(nar.tts.engine)","$(nar.tts.voice)","$(nar.tts.speed)",,,,,
"$(q7.question)",,,,,"0.5",,,,,,,,,,"0",,,"$(q7.tts.engine[0])","$(q7.tts.voice[0])","1",,,,,
"A.",,,,,"0.1",,,"left",,,,,,,"0",,,"$(nar.tts.engine)","$(nar.tts.voice)","1",,,,,
"$(q7.A)",,,,,"0.5",,,"left",,,,,,,"0",,,"$(q7.tts.engine[1])","$(q7.tts.voice[1])","1",,,,,
"B.",,,,,"0.1",,,"left",,,,,,,"0",,,"$(nar.tts.engine)","$(nar.tts.voice)","1",,,,,
"$(q7.B)",,,,,"0.5",,,"left",,,,,,,"0",,,"$(q7.tts.engine[1])","$(q7.tts.voice[1])","1",,,,,
"C.",,,,,"0.1",,,"left",,,,,,,"0",,,"$(nar.tts.engine)","$(nar.tts.voice)","1",,,,,
"$(q7.C)",,,,,"$(q7.thinktime)",,,"left",,,,,,,"0",,,"$(q7.tts.engine[1])","$(q7.tts.voice[1])","1",,,,,
"<img>photo/toeic/headphone.jpeg</img>","865,460",,,,,,,,,,,,,,,,,,,,,,,,
"8. Mark your answer on your answer sheet.",,"number 8",,,"0.5","free","photo/toeic/toeic_part2.jpeg","center","top",,,"300",,"Times-Bold.ttf","42",,,"$(nar.tts.engine)","$(nar.tts.voice)","$(nar.tts.speed)",,,,,
"$(q8.question)",,,,,"0.5",,,,,,,,,,"0",,,"$(q8.tts.engine[0])","$(q8.tts.voice[0])","1",,,,,
"A.",,,,,"0.1",,,"left",,,,,,,"0",,,"$(nar.tts.engine)","$(nar.tts.voice)","1",,,,,
"$(q8.A)",,,,,"0.5",,,"left",,,,,,,"0",,,"$(q8.tts.engine[1])","$(q8.tts.voice[1])","1",,,,,
"B.",,,,,"0.1",,,"left",,,,,,,"0",,,"$(nar.tts.engine)","$(nar.tts.voice)","1",,,,,
"$(q8.B)",,,,,"0.5",,,"left",,,,,,,"0",,,"$(q8.tts.engine[1])","$(q8.tts.voice[1])","1",,,,,
"C.",,,,,"0.1",,,"left",,,,,,,"0",,,"$(nar.tts.engine)","$(nar.tts.voice)","1",,,,,
"$(q8.C)",,,,,"$(q8.thinktime)",,,"left",,,,,,,"0",,,"$(q8.tts.engine[1])","$(q8.tts.voice[1])","1",,,,,
"<img>photo/toeic/headphone.jpeg</img>","865,460",,,,,,,,,,,,,,,,,,,,,,,,
"9. Mark your answer on your answer sheet.",,"number 9",,,"0.5","free","photo/toeic/toeic_part2.jpeg","center","top",,,"300",,"Times-Bold.ttf","42",,,"$(nar.tts.engine)","$(nar.tts.voice)","$(nar.tts.speed)",,,,,
"$(q9.question)",,,,,"0.5",,,,,,,,,,"0",,,"$(q9.tts.engine[0])","$(q9.tts.voice[0])","1",,,,,
"A.",,,,,"0.1",,,"left",,,,,,,"0",,,"$(nar.tts.engine)","$(nar.tts.voice)","1",,,,,
"$(q9.A)",,,,,"0.5",,,"left",,,,,,,"0",,,"$(q9.tts.engine[1])","$(q9.tts.voice[1])","1",,,,,
"B.",,,,,"0.1",,,"left",,,,,,,"0",,,"$(nar.tts.engine)","$(nar.tts.voice)","1",,,,,
"$(q9.B)",,,,,"0.5",,,"left",,,,,,,"0",,,"$(q9.tts.engine[1])","$(q9.tts.voice[1])","1",,,,,
"C.",,,,,"0.1",,,"left",,,,,,,"0",,,"$(nar.tts.engine)","$(nar.tts.voice)","1",,,,,
"$(q9.C)",,,,,"$(q9.thinktime)",,,"left",,,,,,,"0",,,"$(q9.tts.engine[1])","$(q9.tts.voice[1])","1",,,,,
"<img>photo/toeic/headphone.jpeg</img>","865,460",,,,,,,,,,,,,,,,,,,,,,,,
"10. Mark your answer on your answer sheet.",,"number 10",,,"0.5","free","photo/toeic/toeic_part2.jpeg","center","top",,,"300",,"Times-Bold.ttf","42",,,"$(nar.tts.engine)","$(nar.tts.voice)","$(nar.tts.speed)",,,,,
"$(q10.question)",,,,,"0.5",,,,,,,,,,"0",,,"$(q10.tts.engine[0])","$(q10.tts.voice[0])","1",,,,,
"A.",,,,,"0.1",,,"left",,,,,,,"0",,,"$(nar.tts.engine)","$(nar.tts.voice)","1",,,,,
"$(q10.A)",,,,,"0.5",,,"left",,,,,,,"0",,,"$(q10.tts.engine[1])","$(q10.tts.voice[1])","1",,,,,
"B.",,,,,"0.1",,,"left",,,,,,,"0",,,"$(nar.tts.engine)","$(nar.tts.voice)","1",,,,,
"$(q10.B)",,,,,"0.5",,,"left",,,,,,,"0",,,"$(q10.tts.engine[1])","$(q10.tts.voice[1])","1",,,,,
"C.",,,,,"0.1",,,"left",,,,,,,"0",,,"$(nar.tts.engine)","$(nar.tts.voice)","1",,,,,
"$(q10.C)",,,,,"$(q10.thinktime)",,,"left",,,,,,,"0",,,"$(q10.tts.engine[1])","$(q10.tts.voice[1])","1",,,,,
"<img>photo/toeic/headphone.jpeg</img>","865,460",,,,,,,,,,,,,,,,,,,,,,,,
"11. Mark your answer on your answer sheet.",,"number 11",,,"0.5","free","photo/toeic/toeic_part2.jpeg","center","top",,,"300",,"Times-Bold.ttf","42",,,"$(nar.tts.engine)","$(nar.tts.voice)","$(nar.tts.speed)",,,,,
"$(q11.question)",,,,,"0.5",,,,,,,,,,"0",,,"$(q11.tts.engine[0])","$(q11.tts.voice[0])","1",,,,,
"A.",,,,,"0.1",,,"left",,,,,,,"0",,,"$(nar.tts.engine)","$(nar.tts.voice)","1",,,,,
"$(q11.A)",,,,,"0.5",,,"left",,,,,,,"0",,,"$(q11.tts.engine[1])","$(q11.tts.voice[1])","1",,,,,
"B.",,,,,"0.1",,,"left",,,,,,,"0",,,"$(nar.tts.engine)","$(nar.tts.voice)","1",,,,,
"$(q11.B)",,,,,"0.5",,,"left",,,,,,,"0",,,"$(q11.tts.engine[1])","$(q11.tts.voice[1])","1",,,,,
"C.",,,,,"0.1",,,"left",,,,,,,"0",,,"$(nar.tts.engine)","$(nar.tts.voice)","1",,,,,
"$(q11.C)",,,,,"$(q11.thinktime)",,,"left",,,,,,,"0",,,"$(q11.tts.engine[1])","$(q11.tts.voice[1])","1",,,,,
"<img>photo/toeic/headphone.jpeg</img>","865,460",,,,,,,,,,,,,,,,,,,,,,,,
"12. Mark your answer on your answer sheet.",,"number 12",,,"0.5","free","photo/toeic/toeic_part2.jpeg","center","top",,,"300",,"Times-Bold.ttf","42",,,"$(nar.tts.engine)","$(nar.tts.voice)","$(nar.tts.speed)",,,,,
"$(q12.question)",,,,,"0.5",,,,,,,,,,"0",,,"$(q12.tts.engine[0])","$(q12.tts.voice[0])","1",,,,,
"A.",,,,,"0.1",,,"left",,,,,,,"0",,,"$(nar.tts.engine)","$(nar.tts.voice)","1",,,,,
"$(q12.A)",,,,,"0.5",,,"left",,,,,,,"0",,,"$(q12.tts.engine[1])","$(q12.tts.voice[1])","1",,,,,
"B.",,,,,"0.1",,,"left",,,,,,,"0",,,"$(nar.tts.engine)","$(nar.tts.voice)","1",,,,,
"$(q12.B)",,,,,"0.5",,,"left",,,,,,,"0",,,"$(q12.tts.engine[1])","$(q12.tts.voice[1])","1",,,,,
"C.",,,,,"0.1",,,"left",,,,,,,"0",,,"$(nar.tts.engine)","$(nar.tts.voice)","1",,,,,
"$(q12.C)",,,,,"$(q12.thinktime)",,,"left",,,,,,,"0",,,"$(q12.tts.engine[1])","$(q12.tts.voice[1])","1",,,,,
"<img>photo/toeic/headphone.jpeg</img>","865,460",,,,,,,,,,,,,,,,,,,,,,,,
"13. Mark your answer on your answer sheet.",,"number 13",,,"0.5","free","photo/toeic/toeic_part2.jpeg","center","top",,,"300",,"Times-Bold.ttf","42",,,"$(nar.tts.engine)","$(nar.tts.voice)","$(nar.tts.speed)",,,,,
"$(q13.question)",,,,,"0.5",,,,,,,,,,"0",,,"$(q13.tts.engine[0])","$(q13.tts.voice[0])","1",,,,,
"A.",,,,,"0.1",,,"left",,,,,,,"0",,,"$(nar.tts.engine)","$(nar.tts.voice)","1",,,,,
"$(q13.A)",,,,,"0.5",,,"left",,,,,,,"0",,,"$(q13.tts.engine[1])","$(q13.tts.voice[1])","1",,,,,
"B.",,,,,"0.1",,,"left",,,,,,,"0",,,"$(nar.tts.engine)","$(nar.tts.voice)","1",,,,,
"$(q13.B)",,,,,"0.5",,,"left",,,,,,,"0",,,"$(q13.tts.engine[1])","$(q13.tts.voice[1])","1",,,,,
"C.",,,,,"0.1",,,"left",,,,,,,"0",,,"$(nar.tts.engine)","$(nar.tts.voice)","1",,,,,
"$(q13.C)",,,,,"$(q13.thinktime)",,,"left",,,,,,,"0",,,"$(q13.tts.engine[1])","$(q13.tts.voice[1])","1",,,,,
"<img>photo/toeic/headphone.jpeg</img>","865,460",,,,,,,,,,,,,,,,,,,,,,,,
"14. Mark your answer on your answer sheet.",,"number 14",,,"0.5","free","photo/toeic/toeic_part2.jpeg","center","top",,,"300",,"Times-Bold.ttf","42",,,"$(nar.tts.engine)","$(nar.tts.voice)","$(nar.tts.speed)",,,,,
"$(q14.question)",,,,,"0.5",,,,,,,,,,"0",,,"$(q14.tts.engine[0])","$(q14.tts.voice[0])","1",,,,,
"A.",,,,,"0.1",,,"left",,,,,,,"0",,,"$(nar.tts.engine)","$(nar.tts.voice)","1",,,,,
"$(q14.A)",,,,,"0.5",,,"left",,,,,,,"0",,,"$(q14.tts.engine[1])","$(q14.tts.voice[1])","1",,,,,
"B.",,,,,"0.1",,,"left",,,,,,,"0",,,"$(nar.tts.engine)","$(nar.tts.voice)","1",,,,,
"$(q14.B)",,,,,"0.5",,,"left",,,,,,,"0",,,"$(q14.tts.engine[1])","$(q14.tts.voice[1])","1",,,,,
"C.",,,,,"0.1",,,"left",,,,,,,"0",,,"$(nar.tts.engine)","$(nar.tts.voice)","1",,,,,
"$(q14.C)",,,,,"$(q14.thinktime)",,,"left",,,,,,,"0",,,"$(q14.tts.engine[1])","$(q14.tts.voice[1])","1",,,,,
"<img>photo/toeic/headphone.jpeg</img>","865,460",,,,,,,,,,,,,,,,,,,,,,,,
"15. Mark your answer on your answer sheet.",,"number 15",,,"0.5","free","photo/toeic/toeic_part2.jpeg","center","top",,,"300",,"Times-Bold.ttf","42",,,"$(nar.tts.engine)","$(nar.tts.voice)","$(nar.tts.speed)",,,,,
"$(q15.question)",,,,,"0.5",,,,,,,,,,"0",,,"$(q15.tts.engine[0])","$(q15.tts.voice[0])","1",,,,,
"A.",,,,,"0.1",,,"left",,,,,,,"0",,,"$(nar.tts.engine)","$(nar.tts.voice)","1",,,,,
"$(q15.A)",,,,,"0.5",,,"left",,,,,,,"0",,,"$(q15.tts.engine[1])","$(q15.tts.voice[1])","1",,,,,
"B.",,,,,"0.1",,,"left",,,,,,,"0",,,"$(nar.tts.engine)","$(nar.tts.voice)","1",,,,,
"$(q15.B)",,,,,"0.5",,,"left",,,,,,,"0",,,"$(q15.tts.engine[1])","$(q15.tts.voice[1])","1",,,,,
"C.",,,,,"0.1",,,"left",,,,,,,"0",,,"$(nar.tts.engine)","$(nar.tts.voice)","1",,,,,
"$(q15.C)",,,,,"$(q15.thinktime)",,,"left",,,,,,,"0",,,"$(q15.tts.engine[1])","$(q15.tts.voice[1])","1",,,,,
"<img>photo/toeic/headphone.jpeg</img>","865,460",,,,,,,,,,,,,,,,,,,,,,,,
"16. Mark your answer on your answer sheet.",,"number 16",,,"0.5","free","photo/toeic/toeic_part2.jpeg","center","top",,,"300",,"Times-Bold.ttf","42",,,"$(nar.tts.engine)","$(nar.tts.voice)","$(nar.tts.speed)",,,,,
"$(q16.question)",,,,,"0.5",,,,,,,,,,"0",,,"$(q16.tts.engine[0])","$(q16.tts.voice[0])","1",,,,,
"A.",,,,,"0.1",,,"left",,,,,,,"0",,,"$(nar.tts.engine)","$(nar.tts.voice)","1",,,,,
"$(q16.A)",,,,,"0.5",,,"left",,,,,,,"0",,,"$(q16.tts.engine[1])","$(q16.tts.voice[1])","1",,,,,
"B.",,,,,"0.1",,,"left",,,,,,,"0",,,"$(nar.tts.engine)","$(nar.tts.voice)","1",,,,,
"$(q16.B)",,,,,"0.5",,,"left",,,,,,,"0",,,"$(q16.tts.engine[1])","$(q16.tts.voice[1])","1",,,,,
"C.",,,,,"0.1",,,"left",,,,,,,"0",,,"$(nar.tts.engine)","$(nar.tts.voice)","1",,,,,
"$(q16.C)",,,,,"$(q16.thinktime)",,,"left",,,,,,,"0",,,"$(q16.tts.engine[1])","$(q16.tts.voice[1])","1",,,,,
"<img>photo/toeic/headphone.jpeg</img>","865,460",,,,,,,,,,,,,,,,,,,,,,,,
"17. Mark your answer on your answer sheet.",,"number 17",,,"0.5","free","photo/toeic/toeic_part2.jpeg","center","top",,,"300",,"Times-Bold.ttf","42",,,"$(nar.tts.engine)","$(nar.tts.voice)","$(nar.tts.speed)",,,,,
"$(q17.question)",,,,,"0.5",,,,,,,,,,"0",,,"$(q17.tts.engine[0])","$(q17.tts.voice[0])","1",,,,,
"A.",,,,,"0.1",,,"left",,,,,,,"0",,,"$(nar.tts.engine)","$(nar.tts.voice)","1",,,,,
"$(q17.A)",,,,,"0.5",,,"left",,,,,,,"0",,,"$(q17.tts.engine[1])","$(q17.tts.voice[1])","1",,,,,
"B.",,,,,"0.1",,,"left",,,,,,,"0",,,"$(nar.tts.engine)","$(nar.tts.voice)","1",,,,,
"$(q17.B)",,,,,"0.5",,,"left",,,,,,,"0",,,"$(q17.tts.engine[1])","$(q17.tts.voice[1])","1",,,,,
"C.",,,,,"0.1",,,"left",,,,,,,"0",,,"$(nar.tts.engine)","$(nar.tts.voice)","1",,,,,
"$(q17.C)",,,,,"$(q17.thinktime)",,,"left",,,,,,,"0",,,"$(q17.tts.engine[1])","$(q17.tts.voice[1])","1",,,,,
"<img>photo/toeic/headphone.jpeg</img>","865,460",,,,,,,,,,,,,,,,,,,,,,,,
"18. Mark your answer on your answer sheet.",,"number 18",,,"0.5","free","photo/toeic/toeic_part2.jpeg","center","top",,,"300",,"Times-Bold.ttf","42",,,"$(nar.tts.engine)","$(nar.tts.voice)","$(nar.tts.speed)",,,,,
"$(q18.question)",,,,,"0.5",,,,,,,,,,"0",,,"$(q18.tts.engine[0])","$(q18.tts.voice[0])","1",,,,,
"A.",,,,,"0.1",,,"left",,,,,,,"0",,,"$(nar.tts.engine)","$(nar.tts.voice)","1",,,,,
"$(q18.A)",,,,,"0.5",,,"left",,,,,,,"0",,,"$(q18.tts.engine[1])","$(q18.tts.voice[1])","1",,,,,
"B.",,,,,"0.1",,,"left",,,,,,,"0",,,"$(nar.tts.engine)","$(nar.tts.voice)","1",,,,,
"$(q18.B)",,,,,"0.5",,,"left",,,,,,,"0",,,"$(q18.tts.engine[1])","$(q18.tts.voice[1])","1",,,,,
"C.",,,,,"0.1",,,"left",,,,,,,"0",,,"$(nar.tts.engine)","$(nar.tts.voice)","1",,,,,
"$(q18.C)",,,,,"$(q18.thinktime)",,,"left",,,,,,,"0",,,"$(q18.tts.engine[1])","$(q18.tts.voice[1])","1",,,,,
"<img>photo/toeic/headphone.jpeg</img>","865,460",,,,,,,,,,,,,,,,,,,,,,,,
"19. Mark your answer on your answer sheet.",,"number 19",,,"0.5","free","photo/toeic/toeic_part2.jpeg","center","top",,,"300",,"Times-Bold.ttf","42",,,"$(nar.tts.engine)","$(nar.tts.voice)","$(nar.tts.speed)",,,,,
"$(q19.question)",,,,,"0.5",,,,,,,,,,"0",,,"$(q19.tts.engine[0])","$(q19.tts.voice[0])","1",,,,,
"A.",,,,,"0.1",,,"left",,,,,,,"0",,,"$(nar.tts.engine)","$(nar.tts.voice)","1",,,,,
"$(q19.A)",,,,,"0.5",,,"left",,,,,,,"0",,,"$(q19.tts.engine[1])","$(q19.tts.voice[1])","1",,,,,
"B.",,,,,"0.1",,,"left",,,,,,,"0",,,"$(nar.tts.engine)","$(nar.tts.voice)","1",,,,,
"$(q19.B)",,,,,"0.5",,,"left",,,,,,,"0",,,"$(q19.tts.engine[1])","$(q19.tts.voice[1])","1",,,,,
"C.",,,,,"0.1",,,"left",,,,,,,"0",,,"$(nar.tts.engine)","$(nar.tts.voice)","1",,,,,
"$(q19.C)",,,,,"$(q19.thinktime)",,,"left",,,,,,,"0",,,"$(q19.tts.engine[1])","$(q19.tts.voice[1])","1",,,,,
"<img>photo/toeic/headphone.jpeg</img>","865,460",,,,,,,,,,,,,,,,,,,,,,,,
"20. Mark your answer on your answer sheet.",,"number 20",,,"0.5","free","photo/toeic/toeic_part2.jpeg","center","top",,,"300",,"Times-Bold.ttf","42",,,"$(nar.tts.engine)","$(nar.tts.voice)","$(nar.tts.speed)",,,,,
"$(q20.question)",,,,,"0.5",,,,,,,,,,"0",,,"$(q20.tts.engine[0])","$(q20.tts.voice[0])","1",,,,,
"A.",,,,,"0.1",,,"left",,,,,,,"0",,,"$(nar.tts.engine)","$(nar.tts.voice)","1",,,,,
"$(q20.A)",,,,,"0.5",,,"left",,,,,,,"0",,,"$(q20.tts.engine[1])","$(q20.tts.voice[1])","1",,,,,
"B.",,,,,"0.1",,,"left",,,,,,,"0",,,"$(nar.tts.engine)","$(nar.tts.voice)","1",,,,,
"$(q20.B)",,,,,"0.5",,,"left",,,,,,,"0",,,"$(q20.tts.engine[1])","$(q20.tts.voice[1])","1",,,,,
"C.",,,,,"0.1",,,"left",,,,,,,"0",,,"$(nar.tts.engine)","$(nar.tts.voice)","1",,,,,
"$(q20.C)",,,,,"$(q20.thinktime)",,,"left",,,,,,,"0",,,"$(q20.tts.engine[1])","$(q20.tts.voice[1])","1",,,,,
"<img>photo/toeic/headphone.jpeg</img>","865,460",,,,,,,,,,,,,,,,,,,,,,,,
"21. Mark your answer on your answer sheet.",,"number 21",,,"0.5","free","photo/toeic/toeic_part2.jpeg","center","top",,,"300",,"Times-Bold.ttf","42",,,"$(nar.tts.engine)","$(nar.tts.voice)","$(nar.tts.speed)",,,,,
"$(q21.question)",,,,,"0.5",,,,,,,,,,"0",,,"$(q21.tts.engine[0])","$(q21.tts.voice[0])","1",,,,,
"A.",,,,,"0.1",,,"left",,,,,,,"0",,,"$(nar.tts.engine)","$(nar.tts.voice)","1",,,,,
"$(q21.A)",,,,,"0.5",,,"left",,,,,,,"0",,,"$(q21.tts.engine[1])","$(q21.tts.voice[1])","1",,,,,
"B.",,,,,"0.1",,,"left",,,,,,,"0",,,"$(nar.tts.engine)","$(nar.tts.voice)","1",,,,,
"$(q21.B)",,,,,"0.5",,,"left",,,,,,,"0",,,"$(q21.tts.engine[1])","$(q21.tts.voice[1])","1",,,,,
"C.",,,,,"0.1",,,"left",,,,,,,"0",,,"$(nar.tts.engine)","$(nar.tts.voice)","1",,,,,
"$(q21.C)",,,,,"$(q21.thinktime)",,,"left",,,,,,,"0",,,"$(q21.tts.engine[1])","$(q21.tts.voice[1])","1",,,,,
"<img>photo/toeic/headphone.jpeg</img>","865,460",,,,,,,,,,,,,,,,,,,,,,,,
"22. Mark your answer on your answer sheet.",,"number 22",,,"0.5","free","photo/toeic/toeic_part2.jpeg","center","top",,,"300",,"Times-Bold.ttf","42",,,"$(nar.tts.engine)","$(nar.tts.voice)","$(nar.tts.speed)",,,,,
"$(q22.question)",,,,,"0.5",,,,,,,,,,"0",,,"$(q22.tts.engine[0])","$(q22.tts.voice[0])","1",,,,,
"A.",,,,,"0.1",,,"left",,,,,,,"0",,,"$(nar.tts.engine)","$(nar.tts.voice)","1",,,,,
"$(q22.A)",,,,,"0.5",,,"left",,,,,,,"0",,,"$(q22.tts.engine[1])","$(q22.tts.voice[1])","1",,,,,
"B.",,,,,"0.1",,,"left",,,,,,,"0",,,"$(nar.tts.engine)","$(nar.tts.voice)","1",,,,,
"$(q22.B)",,,,,"0.5",,,"left",,,,,,,"0",,,"$(q22.tts.engine[1])","$(q22.tts.voice[1])","1",,,,,
"C.",,,,,"0.1",,,"left",,,,,,,"0",,,"$(nar.tts.engine)","$(nar.tts.voice)","1",,,,,
"$(q22.C)",,,,,"$(q22.thinktime)",,,"left",,,,,,,"0",,,"$(q22.tts.engine[1])","$(q22.tts.voice[1])","1",,,,,
"<img>photo/toeic/headphone.jpeg</img>","865,460",,,,,,,,,,,,,,,,,,,,,,,,
"23. Mark your answer on your answer sheet.",,"number 23",,,"0.5","free","photo/toeic/toeic_part2.jpeg","center","top",,,"300",,"Times-Bold.ttf","42",,,"$(nar.tts.engine)","$(nar.tts.voice)","$(nar.tts.speed)",,,,,
"$(q23.question)",,,,,"0.5",,,,,,,,,,"0",,,"$(q23.tts.engine[0])","$(q23.tts.voice[0])","1",,,,,
"A.",,,,,"0.1",,,"left",,,,,,,"0",,,"$(nar.tts.engine)","$(nar.tts.voice)","1",,,,,
"$(q23.A)",,,,,"0.5",,,"left",,,,,,,"0",,,"$(q23.tts.engine[1])","$(q23.tts.voice[1])","1",,,,,
"B.",,,,,"0.1",,,"left",,,,,,,"0",,,"$(nar.tts.engine)","$(nar.tts.voice)","1",,,,,
"$(q23.B)",,,,,"0.5",,,"left",,,,,,,"0",,,"$(q23.tts.engine[1])","$(q23.tts.voice[1])","1",,,,,
"C.",,,,,"0.1",,,"left",,,,,,,"0",,,"$(nar.tts.engine)","$(nar.tts.voice)","1",,,,,
"$(q23.C)",,,,,"$(q23.thinktime)",,,"left",,,,,,,"0",,,"$(q23.tts.engine[1])","$(q23.tts.voice[1])","1",,,,,
"<img>photo/toeic/headphone.jpeg</img>","865,460",,,,,,,,,,,,,,,,,,,,,,,,
"24. Mark your answer on your answer sheet.",,"number 24",,,"0.5","free","photo/toeic/toeic_part2.jpeg","center","top",,,"300",,"Times-Bold.ttf","42",,,"$(nar.tts.engine)","$(nar.tts.voice)","$(nar.tts.speed)",,,,,
"$(q24.question)",,,,,"0.5",,,,,,,,,,"0",,,"$(q24.tts.engine[0])","$(q24.tts.voice[0])","1",,,,,
"A.",,,,,"0.1",,,"left",,,,,,,"0",,,"$(nar.tts.engine)","$(nar.tts.voice)","1",,,,,
"$(q24.A)",,,,,"0.5",,,"left",,,,,,,"0",,,"$(q24.tts.engine[1])","$(q24.tts.voice[1])","1",,,,,
"B.",,,,,"0.1",,,"left",,,,,,,"0",,,"$(nar.tts.engine)","$(nar.tts.voice)","1",,,,,
"$(q24.B)",,,,,"0.5",,,"left",,,,,,,"0",,,"$(q24.tts.engine[1])","$(q24.tts.voice[1])","1",,,,,
"C.",,,,,"0.1",,,"left",,,,,,,"0",,,"$(nar.tts.engine)","$(nar.tts.voice)","1",,,,,
"$(q24.C)",,,,,"$(q24.thinktime)",,,"left",,,,,,,"0",,,"$(q24.tts.engine[1])","$(q24.tts.voice[1])","1",,,,,
"<img>photo/toeic/headphone.jpeg</img>","865,460",,,,,,,,,,,,,,,,,,,,,,,,
"25. Mark your answer on your answer sheet.",,"number 25",,,"0.5","free","photo/toeic/toeic_part2.jpeg","center","top",,,"300",,"Times-Bold.ttf","42",,,"$(nar.tts.engine)","$(nar.tts.voice)","$(nar.tts.speed)",,,,,
"$(q25.question)",,,,,"0.5",,,,,,,,,,"0",,,"$(q25.tts.engine[0])","$(q25.tts.voice[0])","1",,,,,
"A.",,,,,"0.1",,,"left",,,,,,,"0",,,"$(nar.tts.engine)","$(nar.tts.voice)","1",,,,,
"$(q25.A)",,,,,"0.5",,,"left",,,,,,,"0",,,"$(q25.tts.engine[1])","$(q25.tts.voice[1])","1",,,,,
"B.",,,,,"0.1",,,"left",,,,,,,"0",,,"$(nar.tts.engine)","$(nar.tts.voice)","1",,,,,
"$(q25.B)",,,,,"0.5",,,"left",,,,,,,"0",,,"$(q25.tts.engine[1])","$(q25.tts.voice[1])","1",,,,,
"C.",,,,,"0.1",,,"left",,,,,,,"0",,,"$(nar.tts.engine)","$(nar.tts.voice)","1",,,,,
"$(q25.C)",,,,,"$(q25.thinktime)",,,"left",,,,,,,"0",,,"$(q25.tts.engine[1])","$(q25.tts.voice[1])","1",,,,,
"<img>photo/toeic/headphone.jpeg</img>","865,460",,,,,,,,,,,,,,,,,,,,,,,,
"26. Mark your answer on your answer sheet.",,"number 26",,,"0.5","free","photo/toeic/toeic_part2.jpeg","center","top",,,"300",,"Times-Bold.ttf","42",,,"$(nar.tts.engine)","$(nar.tts.voice)","$(nar.tts.speed)",,,,,
"$(q26.question)",,,,,"0.5",,,,,,,,,,"0",,,"$(q26.tts.engine[0])","$(q26.tts.voice[0])","1",,,,,
"A.",,,,,"0.1",,,"left",,,,,,,"0",,,"$(nar.tts.engine)","$(nar.tts.voice)","1",,,,,
"$(q26.A)",,,,,"0.5",,,"left",,,,,,,"0",,,"$(q26.tts.engine[1])","$(q26.tts.voice[1])","1",,,,,
"B.",,,,,"0.1",,,"left",,,,,,,"0",,,"$(nar.tts.engine)","$(nar.tts.voice)","1",,,,,
"$(q26.B)",,,,,"0.5",,,"left",,,,,,,"0",,,"$(q26.tts.engine[1])","$(q26.tts.voice[1])","1",,,,,
"C.",,,,,"0.1",,,"left",,,,,,,"0",,,"$(nar.tts.engine)","$(nar.tts.voice)","1",,,,,
"$(q26.C)",,,,,"$(q26.thinktime)",,,"left",,,,,,,"0",,,"$(q26.tts.engine[1])","$(q26.tts.voice[1])","1",,,,,
"<img>photo/toeic/headphone.jpeg</img>","865,460",,,,,,,,,,,,,,,,,,,,,,,,
"27. Mark your answer on your answer sheet.",,"number 27",,,"0.5","free","photo/toeic/toeic_part2.jpeg","center","top",,,"300",,"Times-Bold.ttf","42",,,"$(nar.tts.engine)","$(nar.tts.voice)","$(nar.tts.speed)",,,,,
"$(q27.question)",,,,,"0.5",,,,,,,,,,"0",,,"$(q27.tts.engine[0])","$(q27.tts.voice[0])","1",,,,,
"A.",,,,,"0.1",,,"left",,,,,,,"0",,,"$(nar.tts.engine)","$(nar.tts.voice)","1",,,,,
"$(q27.A)",,,,,"0.5",,,"left",,,,,,,"0",,,"$(q27.tts.engine[1])","$(q27.tts.voice[1])","1",,,,,
"B.",,,,,"0.1",,,"left",,,,,,,"0",,,"$(nar.tts.engine)","$(nar.tts.voice)","1",,,,,
"$(q27.B)",,,,,"0.5",,,"left",,,,,,,"0",,,"$(q27.tts.engine[1])","$(q27.tts.voice[1])","1",,,,,
"C.",,,,,"0.1",,,"left",,,,,,,"0",,,"$(nar.tts.engine)","$(nar.tts.voice)","1",,,,,
"$(q27.C)",,,,,"$(q27.thinktime)",,,"left",,,,,,,"0",,,"$(q27.tts.engine[1])","$(q27.tts.voice[1])","1",,,,,
"<img>photo/toeic/headphone.jpeg</img>","865,460",,,,,,,,,,,,,,,,,,,,,,,,
"28. Mark your answer on your answer sheet.",,"number 28",,,"0.5","free","photo/toeic/toeic_part2.jpeg","center","top",,,"300",,"Times-Bold.ttf","42",,,"$(nar.tts.engine)","$(nar.tts.voice)","$(nar.tts.speed)",,,,,
"$(q28.question)",,,,,"0.5",,,,,,,,,,"0",,,"$(q28.tts.engine[0])","$(q28.tts.voice[0])","1",,,,,
"A.",,,,,"0.1",,,"left",,,,,,,"0",,,"$(nar.tts.engine)","$(nar.tts.voice)","1",,,,,
"$(q28.A)",,,,,"0.5",,,"left",,,,,,,"0",,,"$(q28.tts.engine[1])","$(q28.tts.voice[1])","1",,,,,
"B.",,,,,"0.1",,,"left",,,,,,,"0",,,"$(nar.tts.engine)","$(nar.tts.voice)","1",,,,,
"$(q28.B)",,,,,"0.5",,,"left",,,,,,,"0",,,"$(q28.tts.engine[1])","$(q28.tts.voice[1])","1",,,,,
"C.",,,,,"0.1",,,"left",,,,,,,"0",,,"$(nar.tts.engine)","$(nar.tts.voice)","1",,,,,
"$(q28.C)",,,,,"$(q28.thinktime)",,,"left",,,,,,,"0",,,"$(q28.tts.engine[1])","$(q28.tts.voice[1])","1",,,,,
"<img>photo/toeic/headphone.jpeg</img>","865,460",,,,,,,,,,,,,,,,,,,,,,,,
"29. Mark your answer on your answer sheet.",,"number 29",,,"0.5","free","photo/toeic/toeic_part2.jpeg","center","top",,,"300",,"Times-Bold.ttf","42",,,"$(nar.tts.engine)","$(nar.tts.voice)","$(nar.tts.speed)",,,,,
"$(q29.question)",,,,,"0.5",,,,,,,,,,"0",,,"$(q29.tts.engine[0])","$(q29.tts.voice[0])","1",,,,,
"A.",,,,,"0.1",,,"left",,,,,,,"0",,,"$(nar.tts.engine)","$(nar.tts.voice)","1",,,,,
"$(q29.A)",,,,,"0.5",,,"left",,,,,,,"0",,,"$(q29.tts.engine[1])","$(q29.tts.voice[1])","1",,,,,
"B.",,,,,"0.1",,,"left",,,,,,,"0",,,"$(nar.tts.engine)","$(nar.tts.voice)","1",,,,,
"$(q29.B)",,,,,"0.5",,,"left",,,,,,,"0",,,"$(q29.tts.engine[1])","$(q29.tts.voice[1])","1",,,,,
"C.",,,,,"0.1",,,"left",,,,,,,"0",,,"$(nar.tts.engine)","$(nar.tts.voice)","1",,,,,
"$(q29.C)",,,,,"$(q29.thinktime)",,,"left",,,,,,,"0",,,"$(q29.tts.engine[1])","$(q29.tts.voice[1])","1",,,,,
"<img>photo/toeic/headphone.jpeg</img>","865,460",,,,,,,,,,,,,,,,,,,,,,,,
"30. Mark your answer on your answer sheet.",,"number 30",,,"0.5","free","photo/toeic/toeic_part2.jpeg","center","top",,,"300",,"Times-Bold.ttf","42",,,"$(nar.tts.engine)","$(nar.tts.voice)","$(nar.tts.speed)",,,,,
"$(q30.question)",,,,,"0.5",,,,,,,,,,"0",,,"$(q30.tts.engine[0])","$(q30.tts.voice[0])","1",,,,,
"A.",,,,,"0.1",,,"left",,,,,,,"0",,,"$(nar.tts.engine)","$(nar.tts.voice)","1",,,,,
"$(q30.A)",,,,,"0.5",,,"left",,,,,,,"0",,,"$(q30.tts.engine[1])","$(q30.tts.voice[1])","1",,,,,
"B.",,,,,"0.1",,,"left",,,,,,,"0",,,"$(nar.tts.engine)","$(nar.tts.voice)","1",,,,,
"$(q30.B)",,,,,"0.5",,,"left",,,,,,,"0",,,"$(q30.tts.engine[1])","$(q30.tts.voice[1])","1",,,,,
"C.",,,,,"0.1",,,"left",,,,,,,"0",,,"$(nar.tts.engine)","$(nar.tts.voice)","1",,,,,
"$(q30.C)",,,,,"$(q30.thinktime)",,,"left",,,,,,,"0",,,"$(q30.tts.engine[1])","$(q30.tts.voice[1])","1",,,,,
"<img>photo/toeic/headphone.jpeg</img>","865,460",,,,,,,,,,,,,,,,,,,,,,,,
"31. Mark your answer on your answer sheet.",,"number 31",,,"0.5","free","photo/toeic/toeic_part2.jpeg","center","top",,,"300",,"Times-Bold.ttf","42",,,"$(nar.tts.engine)","$(nar.tts.voice)","$(nar.tts.speed)",,,,,
"$(q31.question)",,,,,"0.5",,,,,,,,,,"0",,,"$(q31.tts.engine[0])","$(q31.tts.voice[0])","1",,,,,
"A.",,,,,"0.1",,,"left",,,,,,,"0",,,"$(nar.tts.engine)","$(nar.tts.voice)","1",,,,,
"$(q31.A)",,,,,"0.5",,,"left",,,,,,,"0",,,"$(q31.tts.engine[1])","$(q31.tts.voice[1])","1",,,,,
"B.",,,,,"0.1",,,"left",,,,,,,"0",,,"$(nar.tts.engine)","$(nar.tts.voice)","1",,,,,
"$(q31.B)",,,,,"0.5",,,"left",,,,,,,"0",,,"$(q31.tts.engine[1])","$(q31.tts.voice[1])","1",,,,,
"C.",,,,,"0.1",,,"left",,,,,,,"0",,,"$(nar.tts.engine)","$(nar.tts.voice)","1",,,,,
"$(q31.C)",,,,,"$(q31.thinktime)",,,"left",,,,,,,"0",,,"$(q31.tts.engine[1])","$(q31.tts.voice[1])","1",,,,,
"<img>photo/toeic/headphone.jpeg</img>","865,460",,,,,,,,,,,,,,,,,,,,,,,,
"Part 3",,,,"1","0.5","free","photo/toeic/toeic_part3.jpeg","left","top",,,"230",,,"0",,,"$(nar.tts.engine)","$(nar.tts.voice)","$(nar.tts.speed)",,,,,
"Directions",,,,,"0.5",,,"left",,"105","105",,,"Times-Bold.ttf","42",,,"$(nar.tts.engine)","$(nar.tts.voice)","$(nar.tts.speed)",,,,,
"You will hear some conversations between two or more people.  You will be asked to answer three questions about what the speakers say in each conversation.  Select the best response to each question and mark the letter (A), (B), (C), or (D) on your answer sheet.  The conversations will not be printed in your test book and will be spoken only one time. ",,,,,"0.5",,,"left",,"107","107",,,"Times-Regular.ttf","30",,"15","$(nar.tts.engine)","$(nar.tts.voice)","$(nar.tts.speed)",,,,,
"Questions 32 through 34 refer to the following conversation$(q32.num_speakers).",,,,"3","1","free","photo/toeic/toeic_part3.jpeg","left","top",,"125","245","19",,"0",,,"$(nar.tts.engine)","$(nar.tts.voice)","$(nar.tts.speed)",,,,,
"$(q32.prompt[])",,,,,"0.7",,,,,,,,,,"0",,,"$(q32.tts.engine[])","$(q32.tts.voice[])","1",,,,,
"32. $(q32.question[0])",,,,"1","$(q32.thinktime[0])",,,"left",,"115",,,,"Times-Bold.ttf","30",,,"$(nar.tts.engine)","$(nar.tts.voice)","$(nar.tts.speed)",,,,,
"(A) $(q32.A[0])",,,,,,,,"left",,"125",,,,"Times-Regular.ttf","30",,,"silent",,"1","0",,,,
"(B) $(q32.B[0])",,,,,,,,"left",,"125",,,,"Times-Regular.ttf","30",,,"silent",,"1","0",,,,
"(C) $(q32.C[0])",,,,,,,,"left",,"125",,,,"Times-Regular.ttf","30",,,"silent",,"1","0",,,,
"(D) $(q32.D[0])
 
",,,,,,,,"left",,"125",,,,"Times-Regular.ttf","30",,,"silent",,"1","0",,,,
"33. $(q32.question[1])",,,,,"$(q32.thinktime[1])",,,"left",,"115",,,,"Times-Bold.ttf","30",,,"$(nar.tts.engine)","$(nar.tts.voice)","$(nar.tts.speed)",,,,,
"(A) $(q32.A[1])",,,,,,,,"left",,"125",,,,"Times-Regular.ttf","30",,,"silent",,"1","0",,,,
"(B) $(q32.B[1])",,,,,,,,"left",,"125",,,,"Times-Regular.ttf","30",,,"silent",,"1","0",,,,
"(C) $(q32.C[1])",,,,,,,,"left",,"125",,,,"Times-Regular.ttf","30",,,"silent",,"1","0",,,,
"(D) $(q32.D[1])
 
",,,,,,,,"left",,"125",,,,"Times-Regular.ttf","30",,,"silent",,"1","0",,,,
"34. $(q32.question[2])",,,,,"$(q32.thinktime[2])",,,"left",,"115",,,,"Times-Bold.ttf","30",,,"$(nar.tts.engine)","$(nar.tts.voice)","$(nar.tts.speed)",,,,,
"(A) $(q32.A[2])",,,,,,,,"left",,"125",,,,"Times-Regular.ttf","30",,,"silent",,"1","0",,,,
"(B) $(q32.B[2])",,,,,,,,"left",,"125",,,,"Times-Regular.ttf","30",,,"silent",,"1","0",,,,
"(C) $(q32.C[2])",,,,,,,,"left",,"125",,,,"Times-Regular.ttf","30",,,"silent",,"1","0",,,,
"(D) $(q32.D[2])",,,,,,,,"left",,"125",,,,"Times-Regular.ttf","30",,,"silent",,"1","0",,,,
"Questions 35 through 37 refer to the following conversation$(q35.num_speakers).",,,,"3","1","free","photo/toeic/toeic_part3.jpeg","left","top",,"125","245","19",,"0",,,"$(nar.tts.engine)","$(nar.tts.voice)","$(nar.tts.speed)",,,,,
"$(q35.prompt[])",,,,,"0.7",,,,,,,,,,"0",,,"$(q35.tts.engine[])","$(q35.tts.voice[])","1",,,,,
"35. $(q35.question[0])",,,,"1","$(q35.thinktime[0])",,,"left",,"115",,,,"Times-Bold.ttf","30",,,"$(nar.tts.engine)","$(nar.tts.voice)","$(nar.tts.speed)",,,,,
"(A) $(q35.A[0])",,,,,,,,"left",,"125",,,,"Times-Regular.ttf","30",,,"silent",,"1","0",,,,
"(B) $(q35.B[0])",,,,,,,,"left",,"125",,,,"Times-Regular.ttf","30",,,"silent",,"1","0",,,,
"(C) $(q35.C[0])",,,,,,,,"left",,"125",,,,"Times-Regular.ttf","30",,,"silent",,"1","0",,,,
"(D) $(q35.D[0])
 
",,,,,,,,"left",,"125",,,,"Times-Regular.ttf","30",,,"silent",,"1","0",,,,
"36. $(q35.question[1])",,,,,"$(q35.thinktime[1])",,,"left",,"115",,,,"Times-Bold.ttf","30",,,"$(nar.tts.engine)","$(nar.tts.voice)","$(nar.tts.speed)",,,,,
"(A) $(q35.A[1])",,,,,,,,"left",,"125",,,,"Times-Regular.ttf","30",,,"silent",,"1","0",,,,
"(B) $(q35.B[1])",,,,,,,,"left",,"125",,,,"Times-Regular.ttf","30",,,"silent",,"1","0",,,,
"(C) $(q35.C[1])",,,,,,,,"left",,"125",,,,"Times-Regular.ttf","30",,,"silent",,"1","0",,,,
"(D) $(q35.D[1])
 
",,,,,,,,"left",,"125",,,,"Times-Regular.ttf","30",,,"silent",,"1","0",,,,
"37. $(q35.question[2])",,,,,"$(q35.thinktime[2])",,,"left",,"115",,,,"Times-Bold.ttf","30",,,"$(nar.tts.engine)","$(nar.tts.voice)","$(nar.tts.speed)",,,,,
"(A) $(q35.A[2])",,,,,,,,"left",,"125",,,,"Times-Regular.ttf","30",,,"silent",,"1","0",,,,
"(B) $(q35.B[2])",,,,,,,,"left",,"125",,,,"Times-Regular.ttf","30",,,"silent",,"1","0",,,,
"(C) $(q35.C[2])",,,,,,,,"left",,"125",,,,"Times-Regular.ttf","30",,,"silent",,"1","0",,,,
"(D) $(q35.D[2])",,,,,,,,"left",,"125",,,,"Times-Regular.ttf","30",,,"silent",,"1","0",,,,
"Questions 38 through 40 refer to the following conversation$(q38.num_speakers).",,,,"3","1","free","photo/toeic/toeic_part3.jpeg","left","top",,"125","245","19",,"0",,,"$(nar.tts.engine)","$(nar.tts.voice)","$(nar.tts.speed)",,,,,
"$(q38.prompt[])",,,,,"0.7",,,,,,,,,,"0",,,"$(q38.tts.engine[])","$(q38.tts.voice[])","1",,,,,
"38. $(q38.question[0])",,,,"1","$(q38.thinktime[0])",,,"left",,"115",,,,"Times-Bold.ttf","30",,,"$(nar.tts.engine)","$(nar.tts.voice)","$(nar.tts.speed)",,,,,
"(A) $(q38.A[0])",,,,,,,,"left",,"125",,,,"Times-Regular.ttf","30",,,"silent",,"1","0",,,,
"(B) $(q38.B[0])",,,,,,,,"left",,"125",,,,"Times-Regular.ttf","30",,,"silent",,"1","0",,,,
"(C) $(q38.C[0])",,,,,,,,"left",,"125",,,,"Times-Regular.ttf","30",,,"silent",,"1","0",,,,
"(D) $(q38.D[0])
 
",,,,,,,,"left",,"125",,,,"Times-Regular.ttf","30",,,"silent",,"1","0",,,,
"39. $(q38.question[1])",,,,,"$(q38.thinktime[1])",,,"left",,"115",,,,"Times-Bold.ttf","30",,,"$(nar.tts.engine)","$(nar.tts.voice)","$(nar.tts.speed)",,,,,
"(A) $(q38.A[1])",,,,,,,,"left",,"125",,,,"Times-Regular.ttf","30",,,"silent",,"1","0",,,,
"(B) $(q38.B[1])",,,,,,,,"left",,"125",,,,"Times-Regular.ttf","30",,,"silent",,"1","0",,,,
"(C) $(q38.C[1])",,,,,,,,"left",,"125",,,,"Times-Regular.ttf","30",,,"silent",,"1","0",,,,
"(D) $(q38.D[1])
 
",,,,,,,,"left",,"125",,,,"Times-Regular.ttf","30",,,"silent",,"1","0",,,,
"40. $(q38.question[2])",,,,,"$(q38.thinktime[2])",,,"left",,"115",,,,"Times-Bold.ttf","30",,,"$(nar.tts.engine)","$(nar.tts.voice)","$(nar.tts.speed)",,,,,
"(A) $(q38.A[2])",,,,,,,,"left",,"125",,,,"Times-Regular.ttf","30",,,"silent",,"1","0",,,,
"(B) $(q38.B[2])",,,,,,,,"left",,"125",,,,"Times-Regular.ttf","30",,,"silent",,"1","0",,,,
"(C) $(q38.C[2])",,,,,,,,"left",,"125",,,,"Times-Regular.ttf","30",,,"silent",,"1","0",,,,
"(D) $(q38.D[2])",,,,,,,,"left",,"125",,,,"Times-Regular.ttf","30",,,"silent",,"1","0",,,,
"Questions 41 through 43 refer to the following conversation$(q41.num_speakers).",,,,"3","1","free","photo/toeic/toeic_part3.jpeg","left","top",,"125","245","19",,"0",,,"$(nar.tts.engine)","$(nar.tts.voice)","$(nar.tts.speed)",,,,,
"$(q41.prompt[])",,,,,"0.7",,,,,,,,,,"0",,,"$(q41.tts.engine[])","$(q41.tts.voice[])","1",,,,,
"41. $(q41.question[0])",,,,"1","$(q41.thinktime[0])",,,"left",,"115",,,,"Times-Bold.ttf","30",,,"$(nar.tts.engine)","$(nar.tts.voice)","$(nar.tts.speed)",,,,,
"(A) $(q41.A[0])",,,,,,,,"left",,"125",,,,"Times-Regular.ttf","30",,,"silent",,"1","0",,,,
"(B) $(q41.B[0])",,,,,,,,"left",,"125",,,,"Times-Regular.ttf","30",,,"silent",,"1","0",,,,
"(C) $(q41.C[0])",,,,,,,,"left",,"125",,,,"Times-Regular.ttf","30",,,"silent",,"1","0",,,,
"(D) $(q41.D[0])
 
",,,,,,,,"left",,"125",,,,"Times-Regular.ttf","30",,,"silent",,"1","0",,,,
"42. $(q41.question[1])",,,,,"$(q41.thinktime[1])",,,"left",,"115",,,,"Times-Bold.ttf","30",,,"$(nar.tts.engine)","$(nar.tts.voice)","$(nar.tts.speed)",,,,,
"(A) $(q41.A[1])",,,,,,,,"left",,"125",,,,"Times-Regular.ttf","30",,,"silent",,"1","0",,,,
"(B) $(q41.B[1])",,,,,,,,"left",,"125",,,,"Times-Regular.ttf","30",,,"silent",,"1","0",,,,
"(C) $(q41.C[1])",,,,,,,,"left",,"125",,,,"Times-Regular.ttf","30",,,"silent",,"1","0",,,,
"(D) $(q41.D[1])
 
",,,,,,,,"left",,"125",,,,"Times-Regular.ttf","30",,,"silent",,"1","0",,,,
"43. $(q41.question[2])",,,,,"$(q41.thinktime[2])",,,"left",,"115",,,,"Times-Bold.ttf","30",,,"$(nar.tts.engine)","$(nar.tts.voice)","$(nar.tts.speed)",,,,,
"(A) $(q41.A[2])",,,,,,,,"left",,"125",,,,"Times-Regular.ttf","30",,,"silent",,"1","0",,,,
"(B) $(q41.B[2])",,,,,,,,"left",,"125",,,,"Times-Regular.ttf","30",,,"silent",,"1","0",,,,
"(C) $(q41.C[2])",,,,,,,,"left",,"125",,,,"Times-Regular.ttf","30",,,"silent",,"1","0",,,,
"(D) $(q41.D[2])",,,,,,,,"left",,"125",,,,"Times-Regular.ttf","30",,,"silent",,"1","0",,,,
"Questions 44 through 46 refer to the following conversation$(q44.num_speakers).",,,,"3","1","free","photo/toeic/toeic_part3.jpeg","left","top",,"125","245","19",,"0",,,"$(nar.tts.engine)","$(nar.tts.voice)","$(nar.tts.speed)",,,,,
"$(q44.prompt[])",,,,,"0.7",,,,,,,,,,"0",,,"$(q44.tts.engine[])","$(q44.tts.voice[])","1",,,,,
"44. $(q44.question[0])",,,,"1","$(q44.thinktime[0])",,,"left",,"115",,,,"Times-Bold.ttf","30",,,"$(nar.tts.engine)","$(nar.tts.voice)","$(nar.tts.speed)",,,,,
"(A) $(q44.A[0])",,,,,,,,"left",,"125",,,,"Times-Regular.ttf","30",,,"silent",,"1","0",,,,
"(B) $(q44.B[0])",,,,,,,,"left",,"125",,,,"Times-Regular.ttf","30",,,"silent",,"1","0",,,,
"(C) $(q44.C[0])",,,,,,,,"left",,"125",,,,"Times-Regular.ttf","30",,,"silent",,"1","0",,,,
"(D) $(q44.D[0])
 
",,,,,,,,"left",,"125",,,,"Times-Regular.ttf","30",,,"silent",,"1","0",,,,
"45. $(q44.question[1])",,,,,"$(q44.thinktime[1])",,,"left",,"115",,,,"Times-Bold.ttf","30",,,"$(nar.tts.engine)","$(nar.tts.voice)","$(nar.tts.speed)",,,,,
"(A) $(q44.A[1])",,,,,,,,"left",,"125",,,,"Times-Regular.ttf","30",,,"silent",,"1","0",,,,
"(B) $(q44.B[1])",,,,,,,,"left",,"125",,,,"Times-Regular.ttf","30",,,"silent",,"1","0",,,,
"(C) $(q44.C[1])",,,,,,,,"left",,"125",,,,"Times-Regular.ttf","30",,,"silent",,"1","0",,,,
"(D) $(q44.D[1])
 
",,,,,,,,"left",,"125",,,,"Times-Regular.ttf","30",,,"silent",,"1","0",,,,
"46. $(q44.question[2])",,,,,"$(q44.thinktime[2])",,,"left",,"115",,,,"Times-Bold.ttf","30",,,"$(nar.tts.engine)","$(nar.tts.voice)","$(nar.tts.speed)",,,,,
"(A) $(q44.A[2])",,,,,,,,"left",,"125",,,,"Times-Regular.ttf","30",,,"silent",,"1","0",,,,
"(B) $(q44.B[2])",,,,,,,,"left",,"125",,,,"Times-Regular.ttf","30",,,"silent",,"1","0",,,,
"(C) $(q44.C[2])",,,,,,,,"left",,"125",,,,"Times-Regular.ttf","30",,,"silent",,"1","0",,,,
"(D) $(q44.D[2])",,,,,,,,"left",,"125",,,,"Times-Regular.ttf","30",,,"silent",,"1","0",,,,
"Questions 47 through 49 refer to the following conversation$(q47.num_speakers).",,,,"3","1","free","photo/toeic/toeic_part3.jpeg","left","top",,"125","245","19",,"0",,,"$(nar.tts.engine)","$(nar.tts.voice)","$(nar.tts.speed)",,,,,
"$(q47.prompt[])",,,,,"0.7",,,,,,,,,,"0",,,"$(q47.tts.engine[])","$(q47.tts.voice[])","1",,,,,
"47. $(q47.question[0])",,,,"1","$(q47.thinktime[0])",,,"left",,"115",,,,"Times-Bold.ttf","30",,,"$(nar.tts.engine)","$(nar.tts.voice)","$(nar.tts.speed)",,,,,
"(A) $(q47.A[0])",,,,,,,,"left",,"125",,,,"Times-Regular.ttf","30",,,"silent",,"1","0",,,,
"(B) $(q47.B[0])",,,,,,,,"left",,"125",,,,"Times-Regular.ttf","30",,,"silent",,"1","0",,,,
"(C) $(q47.C[0])",,,,,,,,"left",,"125",,,,"Times-Regular.ttf","30",,,"silent",,"1","0",,,,
"(D) $(q47.D[0])
 
",,,,,,,,"left",,"125",,,,"Times-Regular.ttf","30",,,"silent",,"1","0",,,,
"48. $(q47.question[1])",,,,,"$(q47.thinktime[1])",,,"left",,"115",,,,"Times-Bold.ttf","30",,,"$(nar.tts.engine)","$(nar.tts.voice)","$(nar.tts.speed)",,,,,
"(A) $(q47.A[1])",,,,,,,,"left",,"125",,,,"Times-Regular.ttf","30",,,"silent",,"1","0",,,,
"(B) $(q47.B[1])",,,,,,,,"left",,"125",,,,"Times-Regular.ttf","30",,,"silent",,"1","0",,,,
"(C) $(q47.C[1])",,,,,,,,"left",,"125",,,,"Times-Regular.ttf","30",,,"silent",,"1","0",,,,
"(D) $(q47.D[1])
 
",,,,,,,,"left",,"125",,,,"Times-Regular.ttf","30",,,"silent",,"1","0",,,,
"49. $(q47.question[2])",,,,,"$(q47.thinktime[2])",,,"left",,"115",,,,"Times-Bold.ttf","30",,,"$(nar.tts.engine)","$(nar.tts.voice)","$(nar.tts.speed)",,,,,
"(A) $(q47.A[2])",,,,,,,,"left",,"125",,,,"Times-Regular.ttf","30",,,"silent",,"1","0",,,,
"(B) $(q47.B[2])",,,,,,,,"left",,"125",,,,"Times-Regular.ttf","30",,,"silent",,"1","0",,,,
"(C) $(q47.C[2])",,,,,,,,"left",,"125",,,,"Times-Regular.ttf","30",,,"silent",,"1","0",,,,
"(D) $(q47.D[2])",,,,,,,,"left",,"125",,,,"Times-Regular.ttf","30",,,"silent",,"1","0",,,,
"Questions 50 through 52 refer to the following conversation$(q50.num_speakers).",,,,"3","1","free","photo/toeic/toeic_part3.jpeg","left","top",,"125","245","19",,"0",,,"$(nar.tts.engine)","$(nar.tts.voice)","$(nar.tts.speed)",,,,,
"$(q50.prompt[])",,,,,"0.7",,,,,,,,,,"0",,,"$(q50.tts.engine[])","$(q50.tts.voice[])","1",,,,,
"50. $(q50.question[0])",,,,"1","$(q50.thinktime[0])",,,"left",,"115",,,,"Times-Bold.ttf","30",,,"$(nar.tts.engine)","$(nar.tts.voice)","$(nar.tts.speed)",,,,,
"(A) $(q50.A[0])",,,,,,,,"left",,"125",,,,"Times-Regular.ttf","30",,,"silent",,"1","0",,,,
"(B) $(q50.B[0])",,,,,,,,"left",,"125",,,,"Times-Regular.ttf","30",,,"silent",,"1","0",,,,
"(C) $(q50.C[0])",,,,,,,,"left",,"125",,,,"Times-Regular.ttf","30",,,"silent",,"1","0",,,,
"(D) $(q50.D[0])
 
",,,,,,,,"left",,"125",,,,"Times-Regular.ttf","30",,,"silent",,"1","0",,,,
"51. $(q50.question[1])",,,,,"$(q50.thinktime[1])",,,"left",,"115",,,,"Times-Bold.ttf","30",,,"$(nar.tts.engine)","$(nar.tts.voice)","$(nar.tts.speed)",,,,,
"(A) $(q50.A[1])",,,,,,,,"left",,"125",,,,"Times-Regular.ttf","30",,,"silent",,"1","0",,,,
"(B) $(q50.B[1])",,,,,,,,"left",,"125",,,,"Times-Regular.ttf","30",,,"silent",,"1","0",,,,
"(C) $(q50.C[1])",,,,,,,,"left",,"125",,,,"Times-Regular.ttf","30",,,"silent",,"1","0",,,,
"(D) $(q50.D[1])
 
",,,,,,,,"left",,"125",,,,"Times-Regular.ttf","30",,,"silent",,"1","0",,,,
"52. $(q50.question[2])",,,,,"$(q50.thinktime[2])",,,"left",,"115",,,,"Times-Bold.ttf","30",,,"$(nar.tts.engine)","$(nar.tts.voice)","$(nar.tts.speed)",,,,,
"(A) $(q50.A[2])",,,,,,,,"left",,"125",,,,"Times-Regular.ttf","30",,,"silent",,"1","0",,,,
"(B) $(q50.B[2])",,,,,,,,"left",,"125",,,,"Times-Regular.ttf","30",,,"silent",,"1","0",,,,
"(C) $(q50.C[2])",,,,,,,,"left",,"125",,,,"Times-Regular.ttf","30",,,"silent",,"1","0",,,,
"(D) $(q50.D[2])",,,,,,,,"left",,"125",,,,"Times-Regular.ttf","30",,,"silent",,"1","0",,,,
"Questions 53 through 55 refer to the following conversation$(q53.num_speakers).",,,,"3","1","free","photo/toeic/toeic_part3.jpeg","left","top",,"125","245","19",,"0",,,"$(nar.tts.engine)","$(nar.tts.voice)","$(nar.tts.speed)",,,,,
"$(q53.prompt[])",,,,,"0.7",,,,,,,,,,"0",,,"$(q53.tts.engine[])","$(q53.tts.voice[])","1",,,,,
"53. $(q53.question[0])",,,,"1","$(q53.thinktime[0])",,,"left",,"115",,,,"Times-Bold.ttf","30",,,"$(nar.tts.engine)","$(nar.tts.voice)","$(nar.tts.speed)",,,,,
"(A) $(q53.A[0])",,,,,,,,"left",,"125",,,,"Times-Regular.ttf","30",,,"silent",,"1","0",,,,
"(B) $(q53.B[0])",,,,,,,,"left",,"125",,,,"Times-Regular.ttf","30",,,"silent",,"1","0",,,,
"(C) $(q53.C[0])",,,,,,,,"left",,"125",,,,"Times-Regular.ttf","30",,,"silent",,"1","0",,,,
"(D) $(q53.D[0])
 
",,,,,,,,"left",,"125",,,,"Times-Regular.ttf","30",,,"silent",,"1","0",,,,
"54. $(q53.question[1])",,,,,"$(q53.thinktime[1])",,,"left",,"115",,,,"Times-Bold.ttf","30",,,"$(nar.tts.engine)","$(nar.tts.voice)","$(nar.tts.speed)",,,,,
"(A) $(q53.A[1])",,,,,,,,"left",,"125",,,,"Times-Regular.ttf","30",,,"silent",,"1","0",,,,
"(B) $(q53.B[1])",,,,,,,,"left",,"125",,,,"Times-Regular.ttf","30",,,"silent",,"1","0",,,,
"(C) $(q53.C[1])",,,,,,,,"left",,"125",,,,"Times-Regular.ttf","30",,,"silent",,"1","0",,,,
"(D) $(q53.D[1])
 
",,,,,,,,"left",,"125",,,,"Times-Regular.ttf","30",,,"silent",,"1","0",,,,
"55. $(q53.question[2])",,,,,"$(q53.thinktime[2])",,,"left",,"115",,,,"Times-Bold.ttf","30",,,"$(nar.tts.engine)","$(nar.tts.voice)","$(nar.tts.speed)",,,,,
"(A) $(q53.A[2])",,,,,,,,"left",,"125",,,,"Times-Regular.ttf","30",,,"silent",,"1","0",,,,
"(B) $(q53.B[2])",,,,,,,,"left",,"125",,,,"Times-Regular.ttf","30",,,"silent",,"1","0",,,,
"(C) $(q53.C[2])",,,,,,,,"left",,"125",,,,"Times-Regular.ttf","30",,,"silent",,"1","0",,,,
"(D) $(q53.D[2])",,,,,,,,"left",,"125",,,,"Times-Regular.ttf","30",,,"silent",,"1","0",,,,
"Questions 56 through 58 refer to the following conversation$(q56.num_speakers).",,,,"3","1","free","photo/toeic/toeic_part3.jpeg","left","top",,"125","245","19",,"0",,,"$(nar.tts.engine)","$(nar.tts.voice)","$(nar.tts.speed)",,,,,
"$(q56.prompt[])",,,,,"0.7",,,,,,,,,,"0",,,"$(q56.tts.engine[])","$(q56.tts.voice[])","1",,,,,
"56. $(q56.question[0])",,,,"1","$(q56.thinktime[0])",,,"left",,"115",,,,"Times-Bold.ttf","30",,,"$(nar.tts.engine)","$(nar.tts.voice)","$(nar.tts.speed)",,,,,
"(A) $(q56.A[0])",,,,,,,,"left",,"125",,,,"Times-Regular.ttf","30",,,"silent",,"1","0",,,,
"(B) $(q56.B[0])",,,,,,,,"left",,"125",,,,"Times-Regular.ttf","30",,,"silent",,"1","0",,,,
"(C) $(q56.C[0])",,,,,,,,"left",,"125",,,,"Times-Regular.ttf","30",,,"silent",,"1","0",,,,
"(D) $(q56.D[0])
 
",,,,,,,,"left",,"125",,,,"Times-Regular.ttf","30",,,"silent",,"1","0",,,,
"57. $(q56.question[1])",,,,,"$(q56.thinktime[1])",,,"left",,"115",,,,"Times-Bold.ttf","30",,,"$(nar.tts.engine)","$(nar.tts.voice)","$(nar.tts.speed)",,,,,
"(A) $(q56.A[1])",,,,,,,,"left",,"125",,,,"Times-Regular.ttf","30",,,"silent",,"1","0",,,,
"(B) $(q56.B[1])",,,,,,,,"left",,"125",,,,"Times-Regular.ttf","30",,,"silent",,"1","0",,,,
"(C) $(q56.C[1])",,,,,,,,"left",,"125",,,,"Times-Regular.ttf","30",,,"silent",,"1","0",,,,
"(D) $(q56.D[1])
 
",,,,,,,,"left",,"125",,,,"Times-Regular.ttf","30",,,"silent",,"1","0",,,,
"58. $(q56.question[2])",,,,,"$(q56.thinktime[2])",,,"left",,"115",,,,"Times-Bold.ttf","30",,,"$(nar.tts.engine)","$(nar.tts.voice)","$(nar.tts.speed)",,,,,
"(A) $(q56.A[2])",,,,,,,,"left",,"125",,,,"Times-Regular.ttf","30",,,"silent",,"1","0",,,,
"(B) $(q56.B[2])",,,,,,,,"left",,"125",,,,"Times-Regular.ttf","30",,,"silent",,"1","0",,,,
"(C) $(q56.C[2])",,,,,,,,"left",,"125",,,,"Times-Regular.ttf","30",,,"silent",,"1","0",,,,
"(D) $(q56.D[2])",,,,,,,,"left",,"125",,,,"Times-Regular.ttf","30",,,"silent",,"1","0",,,,
"Questions 59 through 61 refer to the following conversation$(q59.num_speakers).",,,,"3","1","free","photo/toeic/toeic_part3.jpeg","left","top",,"125","245","19",,"0",,,"$(nar.tts.engine)","$(nar.tts.voice)","$(nar.tts.speed)",,,,,
"$(q59.prompt[])",,,,,"0.7",,,,,,,,,,"0",,,"$(q59.tts.engine[])","$(q59.tts.voice[])","1",,,,,
"59. $(q59.question[0])",,,,"1","$(q59.thinktime[0])",,,"left",,"115",,,,"Times-Bold.ttf","30",,,"$(nar.tts.engine)","$(nar.tts.voice)","$(nar.tts.speed)",,,,,
"(A) $(q59.A[0])",,,,,,,,"left",,"125",,,,"Times-Regular.ttf","30",,,"silent",,"1","0",,,,
"(B) $(q59.B[0])",,,,,,,,"left",,"125",,,,"Times-Regular.ttf","30",,,"silent",,"1","0",,,,
"(C) $(q59.C[0])",,,,,,,,"left",,"125",,,,"Times-Regular.ttf","30",,,"silent",,"1","0",,,,
"(D) $(q59.D[0])
 
",,,,,,,,"left",,"125",,,,"Times-Regular.ttf","30",,,"silent",,"1","0",,,,
"60. $(q59.question[1])",,,,,"$(q59.thinktime[1])",,,"left",,"115",,,,"Times-Bold.ttf","30",,,"$(nar.tts.engine)","$(nar.tts.voice)","$(nar.tts.speed)",,,,,
"(A) $(q59.A[1])",,,,,,,,"left",,"125",,,,"Times-Regular.ttf","30",,,"silent",,"1","0",,,,
"(B) $(q59.B[1])",,,,,,,,"left",,"125",,,,"Times-Regular.ttf","30",,,"silent",,"1","0",,,,
"(C) $(q59.C[1])",,,,,,,,"left",,"125",,,,"Times-Regular.ttf","30",,,"silent",,"1","0",,,,
"(D) $(q59.D[1])
 
",,,,,,,,"left",,"125",,,,"Times-Regular.ttf","30",,,"silent",,"1","0",,,,
"61. $(q59.question[2])",,,,,"$(q59.thinktime[2])",,,"left",,"115",,,,"Times-Bold.ttf","30",,,"$(nar.tts.engine)","$(nar.tts.voice)","$(nar.tts.speed)",,,,,
"(A) $(q59.A[2])",,,,,,,,"left",,"125",,,,"Times-Regular.ttf","30",,,"silent",,"1","0",,,,
"(B) $(q59.B[2])",,,,,,,,"left",,"125",,,,"Times-Regular.ttf","30",,,"silent",,"1","0",,,,
"(C) $(q59.C[2])",,,,,,,,"left",,"125",,,,"Times-Regular.ttf","30",,,"silent",,"1","0",,,,
"(D) $(q59.D[2])",,,,,,,,"left",,"125",,,,"Times-Regular.ttf","30",,,"silent",,"1","0",,,,
"Questions 62 through 64 refer to the following conversation$(q62.num_speakers).",,,,"3","1","free","photo/toeic/toeic_part3.jpeg","left","top",,"125","245","19",,"0",,,"$(nar.tts.engine)","$(nar.tts.voice)","$(nar.tts.speed)",,,,,
"<img w=""600"" h=""600"">photo/toeic/p3/$(q62.img)</img>","1250,310",,,,,,,,,,,,,,"0",,,,,,,,,,
"$(q62.prompt[])",,,,,"0.7",,,,,,,,,,"0",,,"$(q62.tts.engine[])","$(q62.tts.voice[])","1",,,,,
"62. $(q62.question[0])",,,,"1","$(q62.thinktime[0])",,,"left",,"115",,,,"Times-Bold.ttf","30",,,"$(nar.tts.engine)","$(nar.tts.voice)","$(nar.tts.speed)",,,,,
"(A) $(q62.A[0])",,,,,,,,"left",,"125",,,,"Times-Regular.ttf","30",,,"silent",,"1","0",,,,
"(B) $(q62.B[0])",,,,,,,,"left",,"125",,,,"Times-Regular.ttf","30",,,"silent",,"1","0",,,,
"(C) $(q62.C[0])",,,,,,,,"left",,"125",,,,"Times-Regular.ttf","30",,,"silent",,"1","0",,,,
"(D) $(q62.D[0])
 
",,,,,,,,"left",,"125",,,,"Times-Regular.ttf","30",,,"silent",,"1","0",,,,
"63. $(q62.question[1])",,,,,"$(q62.thinktime[1])",,,"left",,"115",,,,"Times-Bold.ttf","30",,,"$(nar.tts.engine)","$(nar.tts.voice)","$(nar.tts.speed)",,,,,
"(A) $(q62.A[1])",,,,,,,,"left",,"125",,,,"Times-Regular.ttf","30",,,"silent",,"1","0",,,,
"(B) $(q62.B[1])",,,,,,,,"left",,"125",,,,"Times-Regular.ttf","30",,,"silent",,"1","0",,,,
"(C) $(q62.C[1])",,,,,,,,"left",,"125",,,,"Times-Regular.ttf","30",,,"silent",,"1","0",,,,
"(D) $(q62.D[1])
 
",,,,,,,,"left",,"125",,,,"Times-Regular.ttf","30",,,"silent",,"1","0",,,,
"64. $(q62.question[2])",,,,,"$(q62.thinktime[2])",,,"left",,"115",,,,"Times-Bold.ttf","30",,,"$(nar.tts.engine)","$(nar.tts.voice)","$(nar.tts.speed)",,,,,
"(A) $(q62.A[2])",,,,,,,,"left",,"125",,,,"Times-Regular.ttf","30",,,"silent",,"1","0",,,,
"(B) $(q62.B[2])",,,,,,,,"left",,"125",,,,"Times-Regular.ttf","30",,,"silent",,"1","0",,,,
"(C) $(q62.C[2])",,,,,,,,"left",,"125",,,,"Times-Regular.ttf","30",,,"silent",,"1","0",,,,
"(D) $(q62.D[2])",,,,,,,,"left",,"125",,,,"Times-Regular.ttf","30",,,"silent",,"1","0",,,,
"Questions 65 through 67 refer to the following conversation$(q65.num_speakers).",,,,"3","1","free","photo/toeic/toeic_part3.jpeg","left","top",,"125","245","19",,"0",,,"$(nar.tts.engine)","$(nar.tts.voice)","$(nar.tts.speed)",,,,,
"<img w=""600"" h=""600"">photo/toeic/p3/$(q65.img)</img>","1250,310",,,,,,,,,,,,,,"0",,,,,,,,,,
"$(q65.prompt[])",,,,,"0.7",,,,,,,,,,"0",,,"$(q65.tts.engine[])","$(q65.tts.voice[])","1",,,,,
"65. $(q65.question[0])",,,,"1","$(q65.thinktime[0])",,,"left",,"115",,,,"Times-Bold.ttf","30",,,"$(nar.tts.engine)","$(nar.tts.voice)","$(nar.tts.speed)",,,,,
"(A) $(q65.A[0])",,,,,,,,"left",,"125",,,,"Times-Regular.ttf","30",,,"silent",,"1","0",,,,
"(B) $(q65.B[0])",,,,,,,,"left",,"125",,,,"Times-Regular.ttf","30",,,"silent",,"1","0",,,,
"(C) $(q65.C[0])",,,,,,,,"left",,"125",,,,"Times-Regular.ttf","30",,,"silent",,"1","0",,,,
"(D) $(q65.D[0])
 
",,,,,,,,"left",,"125",,,,"Times-Regular.ttf","30",,,"silent",,"1","0",,,,
"66. $(q65.question[1])",,,,,"$(q65.thinktime[1])",,,"left",,"115",,,,"Times-Bold.ttf","30",,,"$(nar.tts.engine)","$(nar.tts.voice)","$(nar.tts.speed)",,,,,
"(A) $(q65.A[1])",,,,,,,,"left",,"125",,,,"Times-Regular.ttf","30",,,"silent",,"1","0",,,,
"(B) $(q65.B[1])",,,,,,,,"left",,"125",,,,"Times-Regular.ttf","30",,,"silent",,"1","0",,,,
"(C) $(q65.C[1])",,,,,,,,"left",,"125",,,,"Times-Regular.ttf","30",,,"silent",,"1","0",,,,
"(D) $(q65.D[1])
 
",,,,,,,,"left",,"125",,,,"Times-Regular.ttf","30",,,"silent",,"1","0",,,,
"67. $(q65.question[2])",,,,,"$(q65.thinktime[2])",,,"left",,"115",,,,"Times-Bold.ttf","30",,,"$(nar.tts.engine)","$(nar.tts.voice)","$(nar.tts.speed)",,,,,
"(A) $(q65.A[2])",,,,,,,,"left",,"125",,,,"Times-Regular.ttf","30",,,"silent",,"1","0",,,,
"(B) $(q65.B[2])",,,,,,,,"left",,"125",,,,"Times-Regular.ttf","30",,,"silent",,"1","0",,,,
"(C) $(q65.C[2])",,,,,,,,"left",,"125",,,,"Times-Regular.ttf","30",,,"silent",,"1","0",,,,
"(D) $(q65.D[2])",,,,,,,,"left",,"125",,,,"Times-Regular.ttf","30",,,"silent",,"1","0",,,,
"Questions 68 through 70 refer to the following conversation$(q68.num_speakers).",,,,"3","1","free","photo/toeic/toeic_part3.jpeg","left","top",,"125","245","19",,"0",,,"$(nar.tts.engine)","$(nar.tts.voice)","$(nar.tts.speed)",,,,,
"<img w=""600"" h=""600"">photo/toeic/p3/$(q68.img)</img>","1250,310",,,,,,,,,,,,,,"0",,,,,,,,,,
"$(q68.prompt[])",,,,,"0.7",,,,,,,,,,"0",,,"$(q68.tts.engine[])","$(q68.tts.voice[])","1",,,,,
"68. $(q68.question[0])",,,,"1","$(q68.thinktime[0])",,,"left",,"115",,,,"Times-Bold.ttf","30",,,"$(nar.tts.engine)","$(nar.tts.voice)","$(nar.tts.speed)",,,,,
"(A) $(q68.A[0])",,,,,,,,"left",,"125",,,,"Times-Regular.ttf","30",,,"silent",,"1","0",,,,
"(B) $(q68.B[0])",,,,,,,,"left",,"125",,,,"Times-Regular.ttf","30",,,"silent",,"1","0",,,,
"(C) $(q68.C[0])",,,,,,,,"left",,"125",,,,"Times-Regular.ttf","30",,,"silent",,"1","0",,,,
"(D) $(q68.D[0])
 
",,,,,,,,"left",,"125",,,,"Times-Regular.ttf","30",,,"silent",,"1","0",,,,
"69. $(q68.question[1])",,,,,"$(q68.thinktime[1])",,,"left",,"115",,,,"Times-Bold.ttf","30",,,"$(nar.tts.engine)","$(nar.tts.voice)","$(nar.tts.speed)",,,,,
"(A) $(q68.A[1])",,,,,,,,"left",,"125",,,,"Times-Regular.ttf","30",,,"silent",,"1","0",,,,
"(B) $(q68.B[1])",,,,,,,,"left",,"125",,,,"Times-Regular.ttf","30",,,"silent",,"1","0",,,,
"(C) $(q68.C[1])",,,,,,,,"left",,"125",,,,"Times-Regular.ttf","30",,,"silent",,"1","0",,,,
"(D) $(q68.D[1])
 
",,,,,,,,"left",,"125",,,,"Times-Regular.ttf","30",,,"silent",,"1","0",,,,
"70. $(q68.question[2])",,,,,"$(q68.thinktime[2])",,,"left",,"115",,,,"Times-Bold.ttf","30",,,"$(nar.tts.engine)","$(nar.tts.voice)","$(nar.tts.speed)",,,,,
"(A) $(q68.A[2])",,,,,,,,"left",,"125",,,,"Times-Regular.ttf","30",,,"silent",,"1","0",,,,
"(B) $(q68.B[2])",,,,,,,,"left",,"125",,,,"Times-Regular.ttf","30",,,"silent",,"1","0",,,,
"(C) $(q68.C[2])",,,,,,,,"left",,"125",,,,"Times-Regular.ttf","30",,,"silent",,"1","0",,,,
"(D) $(q68.D[2])",,,,,,,,"left",,"125",,,,"Times-Regular.ttf","30",,,"silent",,"1","0",,,,
"Part 4",,,,"1","0.5","free","photo/toeic/toeic_part4.jpeg","left","top",,,"230",,,"0",,,"$(nar.tts.engine)","$(nar.tts.voice)","$(nar.tts.speed)",,,,,
"Directions",,,,,"0.5",,,"left",,"105","105",,,"Times-Bold.ttf","42",,,"$(nar.tts.engine)","$(nar.tts.voice)","$(nar.tts.speed)",,,,,
"You will hear some talks given by a single speaker. You will be asked to answer three questions about what the speaker says in each talk. Select the best response to each question and mark the letter (A), (B), (C), or (D) on your answer sheet. The talks will not be printed in your test book and will be spoken only one time. ",,,,,"0.5",,,"left",,"107","107",,,"Times-Regular.ttf","30",,"15","$(nar.tts.engine)","$(nar.tts.voice)","$(nar.tts.speed)",,,,,
"Questions 71 through 73 refer to the following $(q71.type)",,,,"3","1","free","photo/toeic/toeic_part4.jpeg","left","top",,,"245","19",,"0",,,"$(nar.tts.engine)","$(nar.tts.voice)","$(nar.tts.speed)",,,,,
"$(q71.prompt)",,,,,"1",,,,,,,,,,"0",,,"$(q71.tts.engine)","$(q71.tts.voice)","1",,,,,
"71. $(q71.question[0])",,,,"1","$(q71.thinktime[0])",,,"left",,"115",,,,"Times-Bold.ttf","30",,,"$(nar.tts.engine)","$(nar.tts.voice)","$(nar.tts.speed)",,,,,
"(A) $(q71.A[0])",,,,,,,,"left",,"125",,,,"Times-Regular.ttf","30",,,"silent",,"1","0",,,,
"(B) $(q71.B[0])",,,,,,,,"left",,"125",,,,"Times-Regular.ttf","30",,,"silent",,"1","0",,,,
"(C) $(q71.C[0])",,,,,,,,"left",,"125",,,,"Times-Regular.ttf","30",,,"silent",,"1","0",,,,
"(D) $(q71.D[0])
 
",,,,,,,,"left",,"125",,,,"Times-Regular.ttf","30",,,"silent",,"1","0",,,,
"72. $(q71.question[1])",,,,,"$(q71.thinktime[1])",,,"left",,"115",,,,"Times-Bold.ttf","30",,,"$(nar.tts.engine)","$(nar.tts.voice)","$(nar.tts.speed)",,,,,
"(A) $(q71.A[1])",,,,,,,,"left",,"125",,,,"Times-Regular.ttf","30",,,"silent",,"1","0",,,,
"(B) $(q71.B[1])",,,,,,,,"left",,"125",,,,"Times-Regular.ttf","30",,,"silent",,"1","0",,,,
"(C) $(q71.C[1])",,,,,,,,"left",,"125",,,,"Times-Regular.ttf","30",,,"silent",,"1","0",,,,
"(D) $(q71.D[1])
 
",,,,,,,,"left",,"125",,,,"Times-Regular.ttf","30",,,"silent",,"1","0",,,,
"73. $(q71.question[2])",,,,,"$(q71.thinktime[2])",,,"left",,"115",,,,"Times-Bold.ttf","30",,,"$(nar.tts.engine)","$(nar.tts.voice)","$(nar.tts.speed)",,,,,
"(A) $(q71.A[2])",,,,,,,,"left",,"125",,,,"Times-Regular.ttf","30",,,"silent",,"1","0",,,,
"(B) $(q71.B[2])",,,,,,,,"left",,"125",,,,"Times-Regular.ttf","30",,,"silent",,"1","0",,,,
"(C) $(q71.C[2])",,,,,,,,"left",,"125",,,,"Times-Regular.ttf","30",,,"silent",,"1","0",,,,
"(D) $(q71.D[2])",,,,,,,,"left",,"125",,,,"Times-Regular.ttf","30",,,"silent",,"1","0",,,,
"Questions 74 through 76 refer to the following $(q74.type)",,,,"3","1","free","photo/toeic/toeic_part4.jpeg","left","top",,,"245","19",,"0",,,"$(nar.tts.engine)","$(nar.tts.voice)","$(nar.tts.speed)",,,,,
"$(q74.prompt)",,,,,"1",,,,,,,,,,"0",,,"$(q74.tts.engine)","$(q74.tts.voice)","1",,,,,
"74. $(q74.question[0])",,,,"1","$(q74.thinktime[0])",,,"left",,"115",,,,"Times-Bold.ttf","30",,,"$(nar.tts.engine)","$(nar.tts.voice)","$(nar.tts.speed)",,,,,
"(A) $(q74.A[0])",,,,,,,,"left",,"125",,,,"Times-Regular.ttf","30",,,"silent",,"1","0",,,,
"(B) $(q74.B[0])",,,,,,,,"left",,"125",,,,"Times-Regular.ttf","30",,,"silent",,"1","0",,,,
"(C) $(q74.C[0])",,,,,,,,"left",,"125",,,,"Times-Regular.ttf","30",,,"silent",,"1","0",,,,
"(D) $(q74.D[0])
 
",,,,,,,,"left",,"125",,,,"Times-Regular.ttf","30",,,"silent",,"1","0",,,,
"75. $(q74.question[1])",,,,,"$(q74.thinktime[1])",,,"left",,"115",,,,"Times-Bold.ttf","30",,,"$(nar.tts.engine)","$(nar.tts.voice)","$(nar.tts.speed)",,,,,
"(A) $(q74.A[1])",,,,,,,,"left",,"125",,,,"Times-Regular.ttf","30",,,"silent",,"1","0",,,,
"(B) $(q74.B[1])",,,,,,,,"left",,"125",,,,"Times-Regular.ttf","30",,,"silent",,"1","0",,,,
"(C) $(q74.C[1])",,,,,,,,"left",,"125",,,,"Times-Regular.ttf","30",,,"silent",,"1","0",,,,
"(D) $(q74.D[1])
 
",,,,,,,,"left",,"125",,,,"Times-Regular.ttf","30",,,"silent",,"1","0",,,,
"76. $(q74.question[2])",,,,,"$(q74.thinktime[2])",,,"left",,"115",,,,"Times-Bold.ttf","30",,,"$(nar.tts.engine)","$(nar.tts.voice)","$(nar.tts.speed)",,,,,
"(A) $(q74.A[2])",,,,,,,,"left",,"125",,,,"Times-Regular.ttf","30",,,"silent",,"1","0",,,,
"(B) $(q74.B[2])",,,,,,,,"left",,"125",,,,"Times-Regular.ttf","30",,,"silent",,"1","0",,,,
"(C) $(q74.C[2])",,,,,,,,"left",,"125",,,,"Times-Regular.ttf","30",,,"silent",,"1","0",,,,
"(D) $(q74.D[2])",,,,,,,,"left",,"125",,,,"Times-Regular.ttf","30",,,"silent",,"1","0",,,,
"Questions 77 through 79 refer to the following $(q77.type)",,,,"3","1","free","photo/toeic/toeic_part4.jpeg","left","top",,,"245","19",,"0",,,"$(nar.tts.engine)","$(nar.tts.voice)","$(nar.tts.speed)",,,,,
"$(q77.prompt)",,,,,"1",,,,,,,,,,"0",,,"$(q77.tts.engine)","$(q77.tts.voice)","1",,,,,
"77. $(q77.question[0])",,,,"1","$(q77.thinktime[0])",,,"left",,"115",,,,"Times-Bold.ttf","30",,,"$(nar.tts.engine)","$(nar.tts.voice)","$(nar.tts.speed)",,,,,
"(A) $(q77.A[0])",,,,,,,,"left",,"125",,,,"Times-Regular.ttf","30",,,"silent",,"1","0",,,,
"(B) $(q77.B[0])",,,,,,,,"left",,"125",,,,"Times-Regular.ttf","30",,,"silent",,"1","0",,,,
"(C) $(q77.C[0])",,,,,,,,"left",,"125",,,,"Times-Regular.ttf","30",,,"silent",,"1","0",,,,
"(D) $(q77.D[0])
 
",,,,,,,,"left",,"125",,,,"Times-Regular.ttf","30",,,"silent",,"1","0",,,,
"78. $(q77.question[1])",,,,,"$(q77.thinktime[1])",,,"left",,"115",,,,"Times-Bold.ttf","30",,,"$(nar.tts.engine)","$(nar.tts.voice)","$(nar.tts.speed)",,,,,
"(A) $(q77.A[1])",,,,,,,,"left",,"125",,,,"Times-Regular.ttf","30",,,"silent",,"1","0",,,,
"(B) $(q77.B[1])",,,,,,,,"left",,"125",,,,"Times-Regular.ttf","30",,,"silent",,"1","0",,,,
"(C) $(q77.C[1])",,,,,,,,"left",,"125",,,,"Times-Regular.ttf","30",,,"silent",,"1","0",,,,
"(D) $(q77.D[1])
 
",,,,,,,,"left",,"125",,,,"Times-Regular.ttf","30",,,"silent",,"1","0",,,,
"79. $(q77.question[2])",,,,,"$(q77.thinktime[2])",,,"left",,"115",,,,"Times-Bold.ttf","30",,,"$(nar.tts.engine)","$(nar.tts.voice)","$(nar.tts.speed)",,,,,
"(A) $(q77.A[2])",,,,,,,,"left",,"125",,,,"Times-Regular.ttf","30",,,"silent",,"1","0",,,,
"(B) $(q77.B[2])",,,,,,,,"left",,"125",,,,"Times-Regular.ttf","30",,,"silent",,"1","0",,,,
"(C) $(q77.C[2])",,,,,,,,"left",,"125",,,,"Times-Regular.ttf","30",,,"silent",,"1","0",,,,
"(D) $(q77.D[2])",,,,,,,,"left",,"125",,,,"Times-Regular.ttf","30",,,"silent",,"1","0",,,,
"Questions 80 through 82 refer to the following $(q80.type)",,,,"3","1","free","photo/toeic/toeic_part4.jpeg","left","top",,,"245","19",,"0",,,"$(nar.tts.engine)","$(nar.tts.voice)","$(nar.tts.speed)",,,,,
"$(q80.prompt)",,,,,"1",,,,,,,,,,"0",,,"$(q80.tts.engine)","$(q80.tts.voice)","1",,,,,
"80. $(q80.question[0])",,,,"1","$(q80.thinktime[0])",,,"left",,"115",,,,"Times-Bold.ttf","30",,,"$(nar.tts.engine)","$(nar.tts.voice)","$(nar.tts.speed)",,,,,
"(A) $(q80.A[0])",,,,,,,,"left",,"125",,,,"Times-Regular.ttf","30",,,"silent",,"1","0",,,,
"(B) $(q80.B[0])",,,,,,,,"left",,"125",,,,"Times-Regular.ttf","30",,,"silent",,"1","0",,,,
"(C) $(q80.C[0])",,,,,,,,"left",,"125",,,,"Times-Regular.ttf","30",,,"silent",,"1","0",,,,
"(D) $(q80.D[0])
 
",,,,,,,,"left",,"125",,,,"Times-Regular.ttf","30",,,"silent",,"1","0",,,,
"81. $(q80.question[1])",,,,,"$(q80.thinktime[1])",,,"left",,"115",,,,"Times-Bold.ttf","30",,,"$(nar.tts.engine)","$(nar.tts.voice)","$(nar.tts.speed)",,,,,
"(A) $(q80.A[1])",,,,,,,,"left",,"125",,,,"Times-Regular.ttf","30",,,"silent",,"1","0",,,,
"(B) $(q80.B[1])",,,,,,,,"left",,"125",,,,"Times-Regular.ttf","30",,,"silent",,"1","0",,,,
"(C) $(q80.C[1])",,,,,,,,"left",,"125",,,,"Times-Regular.ttf","30",,,"silent",,"1","0",,,,
"(D) $(q80.D[1])
 
",,,,,,,,"left",,"125",,,,"Times-Regular.ttf","30",,,"silent",,"1","0",,,,
"82. $(q80.question[2])",,,,,"$(q80.thinktime[2])",,,"left",,"115",,,,"Times-Bold.ttf","30",,,"$(nar.tts.engine)","$(nar.tts.voice)","$(nar.tts.speed)",,,,,
"(A) $(q80.A[2])",,,,,,,,"left",,"125",,,,"Times-Regular.ttf","30",,,"silent",,"1","0",,,,
"(B) $(q80.B[2])",,,,,,,,"left",,"125",,,,"Times-Regular.ttf","30",,,"silent",,"1","0",,,,
"(C) $(q80.C[2])",,,,,,,,"left",,"125",,,,"Times-Regular.ttf","30",,,"silent",,"1","0",,,,
"(D) $(q80.D[2])",,,,,,,,"left",,"125",,,,"Times-Regular.ttf","30",,,"silent",,"1","0",,,,
"Questions 83 through 85 refer to the following $(q83.type)",,,,"3","1","free","photo/toeic/toeic_part4.jpeg","left","top",,,"245","19",,"0",,,"$(nar.tts.engine)","$(nar.tts.voice)","$(nar.tts.speed)",,,,,
"$(q83.prompt)",,,,,"1",,,,,,,,,,"0",,,"$(q83.tts.engine)","$(q83.tts.voice)","1",,,,,
"83. $(q83.question[0])",,,,"1","$(q83.thinktime[0])",,,"left",,"115",,,,"Times-Bold.ttf","30",,,"$(nar.tts.engine)","$(nar.tts.voice)","$(nar.tts.speed)",,,,,
"(A) $(q83.A[0])",,,,,,,,"left",,"125",,,,"Times-Regular.ttf","30",,,"silent",,"1","0",,,,
"(B) $(q83.B[0])",,,,,,,,"left",,"125",,,,"Times-Regular.ttf","30",,,"silent",,"1","0",,,,
"(C) $(q83.C[0])",,,,,,,,"left",,"125",,,,"Times-Regular.ttf","30",,,"silent",,"1","0",,,,
"(D) $(q83.D[0])
 
",,,,,,,,"left",,"125",,,,"Times-Regular.ttf","30",,,"silent",,"1","0",,,,
"84. $(q83.question[1])",,,,,"$(q83.thinktime[1])",,,"left",,"115",,,,"Times-Bold.ttf","30",,,"$(nar.tts.engine)","$(nar.tts.voice)","$(nar.tts.speed)",,,,,
"(A) $(q83.A[1])",,,,,,,,"left",,"125",,,,"Times-Regular.ttf","30",,,"silent",,"1","0",,,,
"(B) $(q83.B[1])",,,,,,,,"left",,"125",,,,"Times-Regular.ttf","30",,,"silent",,"1","0",,,,
"(C) $(q83.C[1])",,,,,,,,"left",,"125",,,,"Times-Regular.ttf","30",,,"silent",,"1","0",,,,
"(D) $(q83.D[1])
 
",,,,,,,,"left",,"125",,,,"Times-Regular.ttf","30",,,"silent",,"1","0",,,,
"85. $(q83.question[2])",,,,,"$(q83.thinktime[2])",,,"left",,"115",,,,"Times-Bold.ttf","30",,,"$(nar.tts.engine)","$(nar.tts.voice)","$(nar.tts.speed)",,,,,
"(A) $(q83.A[2])",,,,,,,,"left",,"125",,,,"Times-Regular.ttf","30",,,"silent",,"1","0",,,,
"(B) $(q83.B[2])",,,,,,,,"left",,"125",,,,"Times-Regular.ttf","30",,,"silent",,"1","0",,,,
"(C) $(q83.C[2])",,,,,,,,"left",,"125",,,,"Times-Regular.ttf","30",,,"silent",,"1","0",,,,
"(D) $(q83.D[2])",,,,,,,,"left",,"125",,,,"Times-Regular.ttf","30",,,"silent",,"1","0",,,,
"Questions 86 through 88 refer to the following $(q86.type)",,,,"3","1","free","photo/toeic/toeic_part4.jpeg","left","top",,,"245","19",,"0",,,"$(nar.tts.engine)","$(nar.tts.voice)","$(nar.tts.speed)",,,,,
"$(q86.prompt)",,,,,"1",,,,,,,,,,"0",,,"$(q86.tts.engine)","$(q86.tts.voice)","1",,,,,
"86. $(q86.question[0])",,,,"1","$(q86.thinktime[0])",,,"left",,"115",,,,"Times-Bold.ttf","30",,,"$(nar.tts.engine)","$(nar.tts.voice)","$(nar.tts.speed)",,,,,
"(A) $(q86.A[0])",,,,,,,,"left",,"125",,,,"Times-Regular.ttf","30",,,"silent",,"1","0",,,,
"(B) $(q86.B[0])",,,,,,,,"left",,"125",,,,"Times-Regular.ttf","30",,,"silent",,"1","0",,,,
"(C) $(q86.C[0])",,,,,,,,"left",,"125",,,,"Times-Regular.ttf","30",,,"silent",,"1","0",,,,
"(D) $(q86.D[0])
 
",,,,,,,,"left",,"125",,,,"Times-Regular.ttf","30",,,"silent",,"1","0",,,,
"87. $(q86.question[1])",,,,,"$(q86.thinktime[1])",,,"left",,"115",,,,"Times-Bold.ttf","30",,,"$(nar.tts.engine)","$(nar.tts.voice)","$(nar.tts.speed)",,,,,
"(A) $(q86.A[1])",,,,,,,,"left",,"125",,,,"Times-Regular.ttf","30",,,"silent",,"1","0",,,,
"(B) $(q86.B[1])",,,,,,,,"left",,"125",,,,"Times-Regular.ttf","30",,,"silent",,"1","0",,,,
"(C) $(q86.C[1])",,,,,,,,"left",,"125",,,,"Times-Regular.ttf","30",,,"silent",,"1","0",,,,
"(D) $(q86.D[1])
 
",,,,,,,,"left",,"125",,,,"Times-Regular.ttf","30",,,"silent",,"1","0",,,,
"88. $(q86.question[2])",,,,,"$(q86.thinktime[2])",,,"left",,"115",,,,"Times-Bold.ttf","30",,,"$(nar.tts.engine)","$(nar.tts.voice)","$(nar.tts.speed)",,,,,
"(A) $(q86.A[2])",,,,,,,,"left",,"125",,,,"Times-Regular.ttf","30",,,"silent",,"1","0",,,,
"(B) $(q86.B[2])",,,,,,,,"left",,"125",,,,"Times-Regular.ttf","30",,,"silent",,"1","0",,,,
"(C) $(q86.C[2])",,,,,,,,"left",,"125",,,,"Times-Regular.ttf","30",,,"silent",,"1","0",,,,
"(D) $(q86.D[2])",,,,,,,,"left",,"125",,,,"Times-Regular.ttf","30",,,"silent",,"1","0",,,,
"Questions 89 through 91 refer to the following $(q89.type)",,,,"3","1","free","photo/toeic/toeic_part4.jpeg","left","top",,,"245","19",,"0",,,"$(nar.tts.engine)","$(nar.tts.voice)","$(nar.tts.speed)",,,,,
"$(q89.prompt)",,,,,"1",,,,,,,,,,"0",,,"$(q89.tts.engine)","$(q89.tts.voice)","1",,,,,
"89. $(q89.question[0])",,,,"1","$(q89.thinktime[0])",,,"left",,"115",,,,"Times-Bold.ttf","30",,,"$(nar.tts.engine)","$(nar.tts.voice)","$(nar.tts.speed)",,,,,
"(A) $(q89.A[0])",,,,,,,,"left",,"125",,,,"Times-Regular.ttf","30",,,"silent",,"1","0",,,,
"(B) $(q89.B[0])",,,,,,,,"left",,"125",,,,"Times-Regular.ttf","30",,,"silent",,"1","0",,,,
"(C) $(q89.C[0])",,,,,,,,"left",,"125",,,,"Times-Regular.ttf","30",,,"silent",,"1","0",,,,
"(D) $(q89.D[0])
 
",,,,,,,,"left",,"125",,,,"Times-Regular.ttf","30",,,"silent",,"1","0",,,,
"90. $(q89.question[1])",,,,,"$(q89.thinktime[1])",,,"left",,"115",,,,"Times-Bold.ttf","30",,,"$(nar.tts.engine)","$(nar.tts.voice)","$(nar.tts.speed)",,,,,
"(A) $(q89.A[1])",,,,,,,,"left",,"125",,,,"Times-Regular.ttf","30",,,"silent",,"1","0",,,,
"(B) $(q89.B[1])",,,,,,,,"left",,"125",,,,"Times-Regular.ttf","30",,,"silent",,"1","0",,,,
"(C) $(q89.C[1])",,,,,,,,"left",,"125",,,,"Times-Regular.ttf","30",,,"silent",,"1","0",,,,
"(D) $(q89.D[1])
 
",,,,,,,,"left",,"125",,,,"Times-Regular.ttf","30",,,"silent",,"1","0",,,,
"91. $(q89.question[2])",,,,,"$(q89.thinktime[2])",,,"left",,"115",,,,"Times-Bold.ttf","30",,,"$(nar.tts.engine)","$(nar.tts.voice)","$(nar.tts.speed)",,,,,
"(A) $(q89.A[2])",,,,,,,,"left",,"125",,,,"Times-Regular.ttf","30",,,"silent",,"1","0",,,,
"(B) $(q89.B[2])",,,,,,,,"left",,"125",,,,"Times-Regular.ttf","30",,,"silent",,"1","0",,,,
"(C) $(q89.C[2])",,,,,,,,"left",,"125",,,,"Times-Regular.ttf","30",,,"silent",,"1","0",,,,
"(D) $(q89.D[2])",,,,,,,,"left",,"125",,,,"Times-Regular.ttf","30",,,"silent",,"1","0",,,,
"Questions 92 through 94 refer to the following $(q92.type)",,,,"3","1","free","photo/toeic/toeic_part4.jpeg","left","top",,,"245","19",,"0",,,"$(nar.tts.engine)","$(nar.tts.voice)","$(nar.tts.speed)",,,,,
"<img w=""600"" h=""600"">photo/toeic/p4/$(q92.img)</img>","1250,310",,,,,,,,,,,,,,,,,,,,,,,,
"$(q92.prompt)",,,,,"1",,,,,,,,,,"0",,,"$(q92.tts.engine)","$(q92.tts.voice)","1",,,,,
"92. $(q92.question[0])",,,,"1","$(q92.thinktime[0])",,,"left",,"115",,,,"Times-Bold.ttf","30",,,"$(nar.tts.engine)","$(nar.tts.voice)","$(nar.tts.speed)",,,,,
"(A) $(q92.A[0])",,,,,,,,"left",,"125",,,,"Times-Regular.ttf","30",,,"silent",,"1","0",,,,
"(B) $(q92.B[0])",,,,,,,,"left",,"125",,,,"Times-Regular.ttf","30",,,"silent",,"1","0",,,,
"(C) $(q92.C[0])",,,,,,,,"left",,"125",,,,"Times-Regular.ttf","30",,,"silent",,"1","0",,,,
"(D) $(q92.D[0])
 
",,,,,,,,"left",,"125",,,,"Times-Regular.ttf","30",,,"silent",,"1","0",,,,
"93. $(q92.question[1])",,,,,"$(q92.thinktime[1])",,,"left",,"115",,,,"Times-Bold.ttf","30",,,"$(nar.tts.engine)","$(nar.tts.voice)","$(nar.tts.speed)",,,,,
"(A) $(q92.A[1])",,,,,,,,"left",,"125",,,,"Times-Regular.ttf","30",,,"silent",,"1","0",,,,
"(B) $(q92.B[1])",,,,,,,,"left",,"125",,,,"Times-Regular.ttf","30",,,"silent",,"1","0",,,,
"(C) $(q92.C[1])",,,,,,,,"left",,"125",,,,"Times-Regular.ttf","30",,,"silent",,"1","0",,,,
"(D) $(q92.D[1])
 
",,,,,,,,"left",,"125",,,,"Times-Regular.ttf","30",,,"silent",,"1","0",,,,
"94. $(q92.question[2])",,,,,"$(q92.thinktime[2])",,,"left",,"115",,,,"Times-Bold.ttf","30",,,"$(nar.tts.engine)","$(nar.tts.voice)","$(nar.tts.speed)",,,,,
"(A) $(q92.A[2])",,,,,,,,"left",,"125",,,,"Times-Regular.ttf","30",,,"silent",,"1","0",,,,
"(B) $(q92.B[2])",,,,,,,,"left",,"125",,,,"Times-Regular.ttf","30",,,"silent",,"1","0",,,,
"(C) $(q92.C[2])",,,,,,,,"left",,"125",,,,"Times-Regular.ttf","30",,,"silent",,"1","0",,,,
"(D) $(q92.D[2])",,,,,,,,"left",,"125",,,,"Times-Regular.ttf","30",,,"silent",,"1","0",,,,
"Questions 95 through 97 refer to the following $(q95.type)",,,,"3","1","free","photo/toeic/toeic_part4.jpeg","left","top",,,"245","19",,"0",,,"$(nar.tts.engine)","$(nar.tts.voice)","$(nar.tts.speed)",,,,,
"<img w=""600"" h=""600"">photo/toeic/p4/$(q95.img)</img>","1250,310",,,,,,,,,,,,,,,,,,,,,,,,
"$(q95.prompt)",,,,,"1",,,,,,,,,,"0",,,"$(q95.tts.engine)","$(q95.tts.voice)","1",,,,,
"95. $(q95.question[0])",,,,"1","$(q95.thinktime[0])",,,"left",,"115",,,,"Times-Bold.ttf","30",,,"$(nar.tts.engine)","$(nar.tts.voice)","$(nar.tts.speed)",,,,,
"(A) $(q95.A[0])",,,,,,,,"left",,"125",,,,"Times-Regular.ttf","30",,,"silent",,"1","0",,,,
"(B) $(q95.B[0])",,,,,,,,"left",,"125",,,,"Times-Regular.ttf","30",,,"silent",,"1","0",,,,
"(C) $(q95.C[0])",,,,,,,,"left",,"125",,,,"Times-Regular.ttf","30",,,"silent",,"1","0",,,,
"(D) $(q95.D[0])
 
",,,,,,,,"left",,"125",,,,"Times-Regular.ttf","30",,,"silent",,"1","0",,,,
"96. $(q95.question[1])",,,,,"$(q95.thinktime[1])",,,"left",,"115",,,,"Times-Bold.ttf","30",,,"$(nar.tts.engine)","$(nar.tts.voice)","$(nar.tts.speed)",,,,,
"(A) $(q95.A[1])",,,,,,,,"left",,"125",,,,"Times-Regular.ttf","30",,,"silent",,"1","0",,,,
"(B) $(q95.B[1])",,,,,,,,"left",,"125",,,,"Times-Regular.ttf","30",,,"silent",,"1","0",,,,
"(C) $(q95.C[1])",,,,,,,,"left",,"125",,,,"Times-Regular.ttf","30",,,"silent",,"1","0",,,,
"(D) $(q95.D[1])
 
",,,,,,,,"left",,"125",,,,"Times-Regular.ttf","30",,,"silent",,"1","0",,,,
"97. $(q95.question[2])",,,,,"$(q95.thinktime[2])",,,"left",,"115",,,,"Times-Bold.ttf","30",,,"$(nar.tts.engine)","$(nar.tts.voice)","$(nar.tts.speed)",,,,,
"(A) $(q95.A[2])",,,,,,,,"left",,"125",,,,"Times-Regular.ttf","30",,,"silent",,"1","0",,,,
"(B) $(q95.B[2])",,,,,,,,"left",,"125",,,,"Times-Regular.ttf","30",,,"silent",,"1","0",,,,
"(C) $(q95.C[2])",,,,,,,,"left",,"125",,,,"Times-Regular.ttf","30",,,"silent",,"1","0",,,,
"(D) $(q95.D[2])",,,,,,,,"left",,"125",,,,"Times-Regular.ttf","30",,,"silent",,"1","0",,,,
"Questions 98 through 100 refer to the following $(q98.type)",,,,"3","1","free","photo/toeic/toeic_part4.jpeg","left","top",,,"245","19",,"0",,,"$(nar.tts.engine)","$(nar.tts.voice)","$(nar.tts.speed)",,,,,
"<img w=""600"" h=""600"">photo/toeic/p4/$(q98.img)</img>","1250,310",,,,,,,,,,,,,,,,,,,,,,,,
"$(q98.prompt)",,,,,"1",,,,,,,,,,"0",,,"$(q98.tts.engine)","$(q98.tts.voice)","1",,,,,
"98. $(q98.question[0])",,,,"1","$(q98.thinktime[0])",,,"left",,"115",,,,"Times-Bold.ttf","30",,,"$(nar.tts.engine)","$(nar.tts.voice)","$(nar.tts.speed)",,,,,
"(A) $(q98.A[0])",,,,,,,,"left",,"125",,,,"Times-Regular.ttf","30",,,"silent",,"1","0",,,,
"(B) $(q98.B[0])",,,,,,,,"left",,"125",,,,"Times-Regular.ttf","30",,,"silent",,"1","0",,,,
"(C) $(q98.C[0])",,,,,,,,"left",,"125",,,,"Times-Regular.ttf","30",,,"silent",,"1","0",,,,
"(D) $(q98.D[0])
 
",,,,,,,,"left",,"125",,,,"Times-Regular.ttf","30",,,"silent",,"1","0",,,,
"99. $(q98.question[1])",,,,,"$(q98.thinktime[1])",,,"left",,"115",,,,"Times-Bold.ttf","30",,,"$(nar.tts.engine)","$(nar.tts.voice)","$(nar.tts.speed)",,,,,
"(A) $(q98.A[1])",,,,,,,,"left",,"125",,,,"Times-Regular.ttf","30",,,"silent",,"1","0",,,,
"(B) $(q98.B[1])",,,,,,,,"left",,"125",,,,"Times-Regular.ttf","30",,,"silent",,"1","0",,,,
"(C) $(q98.C[1])",,,,,,,,"left",,"125",,,,"Times-Regular.ttf","30",,,"silent",,"1","0",,,,
"(D) $(q98.D[1])
 
",,,,,,,,"left",,"125",,,,"Times-Regular.ttf","30",,,"silent",,"1","0",,,,
"100. $(q98.question[2])",,,,,"$(q98.thinktime[2])",,,"left",,"115",,,,"Times-Bold.ttf","30",,,"$(nar.tts.engine)","$(nar.tts.voice)","$(nar.tts.speed)",,,,,
"(A) $(q98.A[2])",,,,,,,,"left",,"125",,,,"Times-Regular.ttf","30",,,"silent",,"1","0",,,,
"(B) $(q98.B[2])",,,,,,,,"left",,"125",,,,"Times-Regular.ttf","30",,,"silent",,"1","0",,,,
"(C) $(q98.C[2])",,,,,,,,"left",,"125",,,,"Times-Regular.ttf","30",,,"silent",,"1","0",,,,
"(D) $(q98.D[2])",,,,,,,,"left",,"125",,,,"Times-Regular.ttf","30",,,"silent",,"1","0",,,,
"Congratulations!",,,,"1","1","all","photo/toeic/congrats.jpeg",,,"0","0",,,,"0",,,"eleven","pNInz6obpgDQGcFmaJgB","0.9",,,,,
"You have completed the test!",,,,,"1",,,,,,,,,,"0",,,"eleven","pNInz6obpgDQGcFmaJgB","0.9",,,,,
"The answer is coming in a few seconds.",,,,,"1",,,,,,,,,,"0",,,"eleven","pNInz6obpgDQGcFmaJgB","0.9",,,,,
"Please subscribe this channel to get more tests.",,,,,"3",,,,,,,,,,"0",,,"eleven","pNInz6obpgDQGcFmaJgB","0.9",,,,,
"Part 1",,,,,,"free","photo/toeic/toeic_answer.jpeg","left","top","105","105","245","30","PublicSans-Black.ttf","32",,"20","silent",,"1","0",,,,
"1  2  3  4  5  6
$(q1.answer)  $(q2.answer)  $(q3.answer)  $(q4.answer)  $(q5.answer)  $(q6.answer)",,,,,,,,"left",,"125",,,,"SplineSansMono-Regular.ttf","26",,,"silent",,"1","0",,,,
"Part 2",,,,,,,,"left",,"105",,,,"PublicSans-Black.ttf","32",,,"silent",,"1","0",,,,
"7  8  9 10 11 12 13 14 15 16 17 18 19 20 21 22 23 24 25 26 27 28 29 30 31
$(q7.answer)  $(q8.answer)  $(q9.answer)  $(q10.answer)  $(q11.answer)  $(q12.answer)  $(q13.answer)  $(q14.answer)  $(q15.answer)  $(q16.answer)  $(q17.answer)  $(q18.answer)  $(q19.answer)  $(q20.answer)  $(q21.answer)  $(q22.answer)  $(q23.answer)  $(q24.answer)  $(q25.answer)  $(q26.answer)  $(q27.answer)  $(q28.answer)  $(q29.answer)  $(q30.answer)  $(q31.answer)",,,,,,,,"left",,"125",,,,"SplineSansMono-Regular.ttf","26",,,"silent",,"1","0",,,,
"Part 3",,,,,"60",,,"left",,"105",,,,"PublicSans-Black.ttf","32",,,"silent",,"1","0",,,,
"32 33 34 35 36 37 38 39 40 41 42 43 44 45 46 47 48 49 50 51 52 53 54 55
 $(q32.answer[0])  $(q32.answer[1])  $(q32.answer[2])  $(q35.answer[0])  $(q35.answer[1])  $(q35.answer[2])  $(q38.answer[0])  $(q38.answer[1])  $(q38.answer[2])  $(q41.answer[0])  $(q41.answer[1])  $(q41.answer[2])  $(q44.answer[0])  $(q44.answer[1])  $(q44.answer[2])  $(q47.answer[0])  $(q47.answer[1])  $(q47.answer[2])  $(q50.answer[0])  $(q50.answer[1])  $(q50.answer[2])  $(q53.answer[0])  $(q53.answer[1])  $(q53.answer[2])
56 57 58 59 60 61 62 63 64 65 66 67 68 69 70
 $(q56.answer[0])  $(q56.answer[1])  $(q56.answer[2])  $(q59.answer[0])  $(q59.answer[1])  $(q59.answer[2])  $(q62.answer[0])  $(q62.answer[1])  $(q62.answer[2])  $(q65.answer[0])  $(q65.answer[1])  $(q65.answer[2])  $(q68.answer[0])  $(q68.answer[1])  $(q68.answer[2])",,,,,,,,"left",,"125",,,,"SplineSansMono-Regular.ttf","26",,,"silent",,"1","0",,,,
"Part 4",,,,,,,,"left",,"105",,,,"PublicSans-Black.ttf","32",,,"silent",,"1","0",,,,
"71 72 73 74 75 76 77 78 79 80 81 82 83 84 85 86 87 88 89 90 91 92 93 94 95 96 97 98 99 100
 $(q71.answer[0])  $(q71.answer[1])  $(q71.answer[2])  $(q74.answer[0])  $(q74.answer[1])  $(q74.answer[2])  $(q77.answer[0])  $(q77.answer[1])  $(q77.answer[2])  $(q80.answer[0])  $(q80.answer[1])  $(q80.answer[2])  $(q83.answer[0])  $(q83.answer[1])  $(q83.answer[2])  $(q86.answer[0])  $(q86.answer[1])  $(q86.answer[2])  $(q89.answer[0])  $(q89.answer[1])  $(q89.answer[2])  $(q92.answer[0])  $(q92.answer[1])  $(q92.answer[2])  $(q95.answer[0])  $(q95.answer[1])  $(q95.answer[2])  $(q98.answer[0])  $(q98.answer[1])  $(q98.answer[2])",,,,,,,,"left",,"125",,,,"SplineSansMono-Regular.ttf","26",,,"silent",,"1","0",,,,